{"level":"info","message":"Test Case Started : Verify Alerts, Frame & Windows Page"}
{"level":"info","message":"Test Case Completed : Verify Alerts, Frame & Windows Page Status : failed"}
{"level":"info","message":"Test Case Started : Verify Elements Page"}
{"level":"info","message":"Test Case Completed : Verify Elements Page Status : passed"}
{"level":"info","message":"Test Case Started : Verify Interactions Page"}
{"level":"info","message":"Test Case Completed : Verify Interactions Page Status : passed"}
{"level":"info","message":"Test Case Started : Verify Book Store Login"}
{"level":"info","message":"Executing Step : Navigate to Application"}
{"level":"info","message":"Executing Step : Click on Book Store Application Icon"}
{"level":"info","message":"Executing Step : Click on Login button in Main page"}
{"level":"info","message":"Executing Step : Login to Book Store application"}
{"level":"info","message":"Executing Step : Verify User is logged in and navigated to Profile page"}
{"level":"info","message":"Test Case Completed : Verify Book Store Login Status : passed"}
{"level":"info","message":"Test Case Started : Verify the text contents of PDF file."}
{"level":"info","message":"Test Case Completed : Verify the text contents of PDF file. Status : passed"}
{"level":"info","message":"Test Case Started : Verify Widgets Page"}
{"level":"info","message":"Test Case Completed : Verify Widgets Page Status : passed"}
{"level":"info","message":"Test Case Started : Verify Alerts, Frame & Windows Page"}
{"level":"info","message":"Test Case Completed : Verify Alerts, Frame & Windows Page Status : passed"}
{"level":"info","message":"Test Case Started : Verify Elements Page"}
{"level":"info","message":"Test Case Completed : Verify Elements Page Status : passed"}
{"level":"info","message":"Test Case Started : Verify Interactions Page"}
{"level":"info","message":"Test Case Completed : Verify Interactions Page Status : passed"}
{"level":"info","message":"Test Case Started : Verify Book Store Login"}
{"level":"info","message":"Executing Step : Navigate to Application"}
{"level":"info","message":"Executing Step : Click on Book Store Application Icon"}
{"level":"info","message":"Executing Step : Click on Login button in Main page"}
{"level":"info","message":"Executing Step : Login to Book Store application"}
{"level":"info","message":"Executing Step : Verify User is logged in and navigated to Profile page"}
{"level":"info","message":"Test Case Completed : Verify Book Store Login Status : passed"}
{"level":"info","message":"Test Case Started : Verify the text contents of PDF file."}
{"level":"info","message":"Test Case Completed : Verify the text contents of PDF file. Status : passed"}
{"level":"info","message":"Test Case Started : Verify Widgets Page"}
{"level":"info","message":"Test Case Completed : Verify Widgets Page Status : passed"}
{"level":"info","message":"Test Case Started : Verify Book Store Login"}
{"level":"info","message":"Test Case Completed : Verify Book Store Login Status : failed"}
{"level":"info","message":"Test Case Started : Verify Book Store Login"}
{"level":"info","message":"Test Case Completed : Verify Book Store Login Status : failed"}
{"level":"info","message":"Test Case Started : Verify Book Store Login"}
{"level":"info","message":"Test Case Completed : Verify Book Store Login Status : failed"}
{"level":"info","message":"Test Case Started : Verify Book Store Login"}
{"level":"info","message":"Test Case Completed : Verify Book Store Login Status : failed"}
{"level":"info","message":"Test Case Started : Verify Book Store Login"}
{"level":"info","message":"Test Case Completed : Verify Book Store Login Status : failed"}
{"level":"error","message":"Error: Project(s) \"Chrome\" not found. Available projects: \"Chromium\", \"Chromium\", \"Firefox\", \"Edge\", \"WebKit\", \"Device\", \"DB\", \"API\""}
{"level":"error","message":"Error: Project(s) \"Chrome\" not found. Available projects: \"Chromium\", \"Chromium\", \"Firefox\", \"Edge\", \"WebKit\", \"Device\", \"DB\", \"API\""}
{"level":"error","message":"Error: Project(s) \"Chrome\" not found. Available projects: \"Chromium\", \"Chromium\", \"Firefox\", \"Edge\", \"WebKit\", \"Device\", \"DB\", \"API\""}
{"level":"info","message":"Test Case Started : Verify Book Store Login"}
{"level":"info","message":"Test Case Started : Verify Book Store Login"}
{"level":"info","message":"Executing Step : Navigate to Application"}
{"level":"info","message":"Executing Step : Navigate to Application"}
{"level":"info","message":"Executing Step : Click on Book Store Application Icon"}
{"level":"info","message":"Executing Step : Click on Book Store Application Icon"}
{"level":"info","message":"Test Case Completed : Verify Book Store Login Status : interrupted"}
{"level":"info","message":"Test Case Completed : Verify Book Store Login Status : interrupted"}
{"level":"info","message":"Test Case Started : Verify Book Store Login"}
{"level":"info","message":"Test Case Started : Verify Book Store Login"}
{"level":"info","message":"Executing Step : Navigate to Application"}
{"level":"info","message":"Executing Step : Navigate to Application"}
{"level":"info","message":"Executing Step : Click on Book Store Application Icon"}
{"level":"info","message":"Executing Step : Click on Book Store Application Icon"}
{"level":"info","message":"Test Case Completed : Verify Book Store Login Status : timedOut"}
{"level":"info","message":"Test Case Completed : Verify Book Store Login Status : timedOut"}
{"level":"info","message":"Test Case Started : Verify Book Store Login"}
{"level":"info","message":"Test Case Started : Verify Book Store Login"}
{"level":"info","message":"Executing Step : Navigate to Application"}
{"level":"info","message":"Executing Step : Navigate to Application"}
{"level":"info","message":"Executing Step : Click on Book Store Application Icon"}
{"level":"info","message":"Executing Step : Click on Book Store Application Icon"}
{"level":"info","message":"Test Case Completed : Verify Book Store Login Status : timedOut"}
{"level":"info","message":"Test Case Completed : Verify Book Store Login Status : timedOut"}
{"level":"info","message":"Test Case Started : Verify Book Store Login"}
{"level":"info","message":"Test Case Started : Verify Book Store Login"}
{"level":"info","message":"Executing Step : Navigate to Application"}
{"level":"info","message":"Executing Step : Navigate to Application"}
{"level":"info","message":"Executing Step : Click on Book Store Application Icon"}
{"level":"info","message":"Executing Step : Click on Book Store Application Icon"}
{"level":"info","message":"Test Case Completed : Verify Book Store Login Status : interrupted"}
{"level":"info","message":"Test Case Completed : Verify Book Store Login Status : interrupted"}
{"level":"info","message":"Test Case Started : Verify"}
{"level":"info","message":"Test Case Started : Verify"}
{"level":"info","message":"Executing Step : Navigate to Application"}
{"level":"info","message":"Executing Step : Navigate to Application"}
{"level":"info","message":"Executing Step : Click on Book Store Application Icon"}
{"level":"info","message":"Executing Step : Click on Book Store Application Icon"}
{"level":"info","message":"Test Case Completed : Verify Status : timedOut"}
{"level":"info","message":"Test Case Completed : Verify Status : timedOut"}
{"level":"info","message":"Test Case Started : Verify Baby Outlet Login"}
{"level":"info","message":"Test Case Started : Verify Baby Outlet Login"}
{"level":"info","message":"Executing Step : Navigate to Baby Outlet Login page"}
{"level":"info","message":"Executing Step : Navigate to Baby Outlet Login page"}
{"level":"info","message":"Executing Step : Verify Baby Outlet logo is displayed"}
{"level":"info","message":"Executing Step : Verify Baby Outlet logo is displayed"}
{"level":"info","message":"Executing Step : Enter valid username"}
{"level":"info","message":"Executing Step : Enter valid username"}
{"level":"info","message":"Executing Step : Enter valid password"}
{"level":"info","message":"Executing Step : Enter valid password"}
{"level":"info","message":"Executing Step : Click on Login button"}
{"level":"info","message":"Executing Step : Click on Login button"}
{"level":"info","message":"Executing Step : Verify user is successfully logged in"}
{"level":"info","message":"Executing Step : Verify user is successfully logged in"}
{"level":"info","message":"Test Case Completed : Verify Baby Outlet Login Status : passed"}
{"level":"info","message":"Test Case Completed : Verify Baby Outlet Login Status : passed"}
{"level":"info","message":"Test Case Started : Verify Elements Page"}
{"level":"info","message":"Test Case Started : Verify Elements Page"}
{"level":"info","message":"Test Case Completed : Verify Elements Page Status : timedOut"}
{"level":"info","message":"Test Case Completed : Verify Elements Page Status : timedOut"}
{"level":"info","message":"Test Case Started : Verify Baby Outlet Login"}
{"level":"info","message":"Test Case Started : Verify Baby Outlet Login"}
{"level":"info","message":"Executing Step : Navigate to Baby Outlet Login page"}
{"level":"info","message":"Executing Step : Navigate to Baby Outlet Login page"}
{"level":"info","message":"Executing Step : Verify Baby Outlet logo is displayed"}
{"level":"info","message":"Executing Step : Enter valid username"}
{"level":"info","message":"Executing Step : Enter valid password"}
{"level":"info","message":"Executing Step : Click on Login button"}
{"level":"info","message":"Executing Step : Verify user is successfully logged in"}
{"level":"info","message":"Executing Step : Verify Baby Outlet logo is displayed"}
{"level":"info","message":"Executing Step : Enter valid username"}
{"level":"info","message":"Executing Step : Enter valid password"}
{"level":"info","message":"Executing Step : Click on Login button"}
{"level":"info","message":"Executing Step : Verify user is successfully logged in"}
{"level":"info","message":"Test Case Completed : Verify Baby Outlet Login Status : passed"}
{"level":"info","message":"Test Case Completed : Verify Baby Outlet Login Status : passed"}
{"level":"info","message":"Test Case Started : Verify Elements Page"}
{"level":"info","message":"Test Case Started : Verify Elements Page"}
{"level":"info","message":"Test Case Completed : Verify Elements Page Status : timedOut"}
{"level":"info","message":"Test Case Completed : Verify Elements Page Status : timedOut"}
{"level":"info","message":"Test Case Started : Verify Elements Page"}
{"level":"info","message":"Test Case Started : Verify Elements Page"}
{"level":"info","message":"Test Case Completed : Verify Elements Page Status : timedOut"}
{"level":"info","message":"Test Case Completed : Verify Elements Page Status : timedOut"}
{"level":"info","message":"Test Case Started : Verify Create User Page"}
{"level":"info","message":"Test Case Started : Verify Create User Page"}
{"level":"info","message":"Test Case Completed : Verify Create User Page Status : interrupted"}
{"level":"info","message":"Test Case Completed : Verify Create User Page Status : interrupted"}
{"level":"info","message":"Test Case Started : Verify Elements Page"}
{"level":"info","message":"Test Case Started : Verify Elements Page"}
{"level":"info","message":"Test Case Completed : Verify Elements Page Status : failed"}
{"level":"info","message":"Test Case Completed : Verify Elements Page Status : failed"}
{"level":"info","message":"Test Case Started : Verify Baby Outlet Login"}
{"level":"info","message":"Test Case Started : Verify Baby Outlet Login"}
{"level":"info","message":"Executing Step : Navigate to Baby Outlet Login page"}
{"level":"info","message":"Executing Step : Navigate to Baby Outlet Login page"}
{"level":"info","message":"Executing Step : Verify Baby Outlet logo is displayed"}
{"level":"info","message":"Executing Step : Enter valid username"}
{"level":"info","message":"Executing Step : Enter valid password"}
{"level":"info","message":"Executing Step : Click on Login button"}
{"level":"info","message":"Executing Step : Verify user is successfully logged in"}
{"level":"info","message":"Executing Step : Verify Baby Outlet logo is displayed"}
{"level":"info","message":"Executing Step : Enter valid username"}
{"level":"info","message":"Executing Step : Enter valid password"}
{"level":"info","message":"Executing Step : Click on Login button"}
{"level":"info","message":"Executing Step : Verify user is successfully logged in"}
{"level":"info","message":"Test Case Completed : Verify Baby Outlet Login Status : passed"}
{"level":"info","message":"Test Case Completed : Verify Baby Outlet Login Status : passed"}
{"level":"error","message":"Error: Project(s) \"Chromnpx\" not found. Available projects: \"Chromium\", \"Chromium\", \"Firefox\", \"Edge\", \"WebKit\", \"Device\", \"DB\", \"API\""}
{"level":"error","message":"Error: Project(s) \"Chromnpx\" not found. Available projects: \"Chromium\", \"Chromium\", \"Firefox\", \"Edge\", \"WebKit\", \"Device\", \"DB\", \"API\""}
{"level":"info","message":"Test Case Started : Verify Baby Outlet Login"}
{"level":"info","message":"Test Case Started : Verify Baby Outlet Login"}
{"level":"info","message":"Executing Step : Navigate to Baby Outlet Login page"}
{"level":"info","message":"Executing Step : Navigate to Baby Outlet Login page"}
{"level":"info","message":"Executing Step : Verify Baby Outlet logo is displayed"}
{"level":"info","message":"Executing Step : Enter valid username"}
{"level":"info","message":"Executing Step : Enter valid password"}
{"level":"info","message":"Executing Step : Click on Login button"}
{"level":"info","message":"Executing Step : Verify user is successfully logged in"}
{"level":"info","message":"Test Case Completed : Verify Baby Outlet Login Status : passed"}
{"level":"info","message":"Executing Step : Verify Baby Outlet logo is displayed"}
{"level":"info","message":"Executing Step : Enter valid username"}
{"level":"info","message":"Executing Step : Enter valid password"}
{"level":"info","message":"Executing Step : Click on Login button"}
{"level":"info","message":"Executing Step : Verify user is successfully logged in"}
{"level":"info","message":"Test Case Completed : Verify Baby Outlet Login Status : passed"}
{"level":"info","message":"Test Case Started : Verify Baby Outlet Login"}
{"level":"info","message":"Test Case Started : Verify Baby Outlet Login"}
{"level":"info","message":"Executing Step : Navigate to Baby Outlet Login page"}
{"level":"info","message":"Executing Step : Verify Baby Outlet logo is displayed"}
{"level":"info","message":"Executing Step : Enter valid username"}
{"level":"info","message":"Executing Step : Enter valid password"}
{"level":"info","message":"Executing Step : Click on Login button"}
{"level":"info","message":"Executing Step : Verify user is successfully logged in"}
{"level":"info","message":"Test Case Completed : Verify Baby Outlet Login Status : passed"}
{"level":"info","message":"Executing Step : Navigate to Baby Outlet Login page"}
{"level":"info","message":"Executing Step : Verify Baby Outlet logo is displayed"}
{"level":"info","message":"Executing Step : Enter valid username"}
{"level":"info","message":"Executing Step : Enter valid password"}
{"level":"info","message":"Executing Step : Click on Login button"}
{"level":"info","message":"Executing Step : Verify user is successfully logged in"}
{"level":"info","message":"Test Case Completed : Verify Baby Outlet Login Status : passed"}
{"level":"info","message":"Test Case Started : Verify Baby Outlet Login"}
{"level":"info","message":"Test Case Started : Verify Baby Outlet Login"}
{"level":"info","message":"Executing Step : Navigate to Baby  Login page"}
{"level":"info","message":"Executing Step : Navigate to Baby  Login page"}
{"level":"info","message":"Executing Step : Verify Baby Outlet logo is displayed"}
{"level":"info","message":"Executing Step : Enter valid username"}
{"level":"info","message":"Executing Step : Enter valid password"}
{"level":"info","message":"Executing Step : Click on Login button"}
{"level":"info","message":"Executing Step : Verify user is successfully logged in"}
{"level":"info","message":"Test Case Completed : Verify Baby Outlet Login Status : passed"}
{"level":"info","message":"Executing Step : Verify Baby Outlet logo is displayed"}
{"level":"info","message":"Executing Step : Enter valid username"}
{"level":"info","message":"Executing Step : Enter valid password"}
{"level":"info","message":"Executing Step : Click on Login button"}
{"level":"info","message":"Executing Step : Verify user is successfully logged in"}
{"level":"info","message":"Test Case Completed : Verify Baby Outlet Login Status : passed"}
{"level":"info","message":"Test Case Started : Verify Baby Outlet Login"}
{"level":"info","message":"Executing Step : Navigate to Baby  Login page"}
{"level":"info","message":"Executing Step : Verify Baby Outlet logo is displayed"}
{"level":"info","message":"Executing Step : Enter valid username"}
{"level":"info","message":"Executing Step : Enter valid password"}
{"level":"info","message":"Executing Step : Click on Login button"}
{"level":"info","message":"Executing Step : Verify user is successfully logged in"}
{"level":"info","message":"Test Case Completed : Verify Baby Outlet Login Status : passed"}
{"level":"info","message":"Test Case Started : Verify Baby Outlet Login"}
{"level":"info","message":"Executing Step : Navigate to Baby  Login page"}
{"level":"info","message":"Executing Step : Verify Baby Outlet logo is displayed"}
{"level":"info","message":"Executing Step : Enter valid username"}
{"level":"info","message":"Executing Step : Enter valid password"}
{"level":"info","message":"Executing Step : Click on Login button"}
{"level":"info","message":"Executing Step : Verify user is successfully logged in"}
{"level":"info","message":"Test Case Completed : Verify Baby Outlet Login Status : passed"}
{"level":"info","message":"Test Case Started : Verify Baby Outlet Login"}
{"level":"info","message":"Executing Step : Navigate to Baby  Login page"}
{"level":"info","message":"Executing Step : Verify Baby Outlet logo is displayed"}
{"level":"info","message":"Executing Step : Enter valid username"}
{"level":"info","message":"Executing Step : Enter valid password"}
{"level":"info","message":"Executing Step : Click on Login button"}
{"level":"info","message":"Executing Step : Verify user is successfully logged in"}
{"level":"info","message":"Test Case Completed : Verify Baby Outlet Login Status : passed"}
{"level":"info","message":"Test Case Started : Verify Baby Outlet Login"}
{"level":"info","message":"Executing Step : Navigate to Baby  Login page"}
{"level":"info","message":"Executing Step : Verify Baby Outlet logo is displayed"}
{"level":"info","message":"Executing Step : Enter valid username"}
{"level":"info","message":"Executing Step : Enter valid password"}
{"level":"info","message":"Executing Step : Click on Login button"}
{"level":"info","message":"Executing Step : Verify user is successfully logged in"}
{"level":"info","message":"Test Case Completed : Verify Baby Outlet Login Status : passed"}
{"level":"info","message":"Test Case Started : Verify Baby Outlet Login"}
{"level":"info","message":"Executing Step : Navigate to web-admin  Login page"}
{"level":"info","message":"Test Case Completed : Verify Baby Outlet Login Status : failed"}
{"level":"info","message":"Test Case Started : Verify Baby Outlet Login"}
{"level":"info","message":"Executing Step : Navigate to web-admin  Login page"}
{"level":"info","message":"Executing Step : Verify web-admin logo is displayed"}
{"level":"info","message":"Executing Step : Enter valid username"}
{"level":"info","message":"Executing Step : Enter valid password"}
{"level":"info","message":"Executing Step : Click on Login button"}
{"level":"info","message":"Executing Step : Verify user is successfully logged in"}
{"level":"info","message":"Test Case Completed : Verify Baby Outlet Login Status : passed"}
{"level":"info","message":"Test Case Started : Verify Baby Outlet Login"}
{"level":"info","message":"Executing Step : Navigate to web-admin  Login page"}
{"level":"info","message":"Executing Step : Verify web-admin logo is displayed"}
{"level":"info","message":"Executing Step : Enter valid username"}
{"level":"info","message":"Executing Step : Enter valid password"}
{"level":"info","message":"Executing Step : Click on Login button"}
{"level":"info","message":"Executing Step : Verify user is successfully logged in"}
{"level":"info","message":"Test Case Completed : Verify Baby Outlet Login Status : passed"}
{"level":"info","message":"Test Case Started : Verify Baby Outlet Login"}
{"level":"info","message":"Executing Step : Navigate to web-admin  Login page"}
{"level":"info","message":"Executing Step : Verify web-admin logo is displayed"}
{"level":"info","message":"Executing Step : Enter valid username"}
{"level":"info","message":"Executing Step : Enter valid password"}
{"level":"info","message":"Executing Step : Click on Login button"}
{"level":"info","message":"Executing Step : Verify user is successfully logged in"}
{"level":"info","message":"Test Case Completed : Verify Baby Outlet Login Status : passed"}
{"level":"info","message":"Test Case Started : Verify Baby Outlet Login"}
{"level":"info","message":"Executing Step : Navigate to web-admin  Login page"}
{"level":"info","message":"Executing Step : Verify web-admin logo is displayed"}
{"level":"info","message":"Executing Step : Enter valid username"}
{"level":"info","message":"Executing Step : Enter valid password"}
{"level":"info","message":"Executing Step : Click on Login button"}
{"level":"info","message":"Executing Step : Verify user is successfully logged in"}
{"level":"info","message":"Test Case Completed : Verify Baby Outlet Login Status : passed"}
{"level":"info","message":"Test Case Started : Verify Baby Outlet Login"}
{"level":"info","message":"Executing Step : Navigate to web-admin  Login page"}
{"level":"info","message":"Executing Step : Verify web-admin logo is displayed"}
{"level":"info","message":"Executing Step : Enter valid username"}
{"level":"info","message":"Executing Step : Enter valid password"}
{"level":"info","message":"Executing Step : Click on Login button"}
{"level":"info","message":"Executing Step : Verify user is successfully logged in"}
{"level":"info","message":"Test Case Completed : Verify Baby Outlet Login Status : passed"}
{"level":"info","message":"Test Case Started : Verify Baby Outlet Login"}
{"level":"info","message":"Executing Step : Navigate to web-admin  Login page"}
{"level":"info","message":"Executing Step : Verify web-admin logo is displayed"}
{"level":"info","message":"Executing Step : Enter valid username"}
{"level":"info","message":"Executing Step : Enter valid password"}
{"level":"info","message":"Executing Step : Click on Login button"}
{"level":"info","message":"Executing Step : Verify user is successfully logged in"}
{"level":"info","message":"Test Case Completed : Verify Baby Outlet Login Status : passed"}
{"level":"info","message":"Test Case Started : Verify Baby Outlet Login"}
{"level":"info","message":"Executing Step : Navigate to web-admin  Login page"}
{"level":"info","message":"Executing Step : Verify web-admin logo is displayed"}
{"level":"info","message":"Executing Step : Enter valid username"}
{"level":"info","message":"Executing Step : Enter valid password"}
{"level":"info","message":"Executing Step : Click on Login button"}
{"level":"info","message":"Executing Step : Verify user is successfully logged in"}
{"level":"info","message":"Test Case Completed : Verify Baby Outlet Login Status : passed"}
{"level":"info","message":"Test Case Started : Verify Baby Outlet Login"}
{"level":"info","message":"Executing Step : Navigate to web-admin  Login page"}
{"level":"info","message":"Executing Step : Verify web-admin logo is displayed"}
{"level":"info","message":"Executing Step : Enter valid username"}
{"level":"info","message":"Executing Step : Enter valid password"}
{"level":"info","message":"Executing Step : Click on Login button"}
{"level":"info","message":"Executing Step : Verify user is successfully logged in"}
{"level":"info","message":"Test Case Completed : Verify Baby Outlet Login Status : passed"}
{"level":"info","message":"Test Case Started : Verify Baby Outlet Login"}
{"level":"info","message":"Executing Step : Navigate to web-admin  Login page"}
{"level":"info","message":"Executing Step : Verify web-admin logo is displayed"}
{"level":"info","message":"Executing Step : Enter valid username"}
{"level":"info","message":"Executing Step : Enter valid password"}
{"level":"info","message":"Executing Step : Click on Login button"}
{"level":"info","message":"Executing Step : Verify user is successfully logged in"}
{"level":"info","message":"Test Case Completed : Verify Baby Outlet Login Status : passed"}
{"level":"info","message":"Test Case Started : Verify Baby Outlet Login"}
{"level":"info","message":"Executing Step : Navigate to web-admin  Login page"}
{"level":"info","message":"Executing Step : Verify web-admin logo is displayed"}
{"level":"info","message":"Executing Step : Enter valid username"}
{"level":"info","message":"Executing Step : Enter valid password"}
{"level":"info","message":"Executing Step : Click on Login button"}
{"level":"info","message":"Executing Step : Verify user is successfully logged in"}
{"level":"info","message":"Test Case Completed : Verify Baby Outlet Login Status : passed"}
{"level":"info","message":"Test Case Started : Verify Baby Outlet Login"}
{"level":"info","message":"Executing Step : Navigate to web-admin  Login page"}
{"level":"info","message":"Executing Step : Verify web-admin logo is displayed"}
{"level":"info","message":"Executing Step : Enter valid username"}
{"level":"info","message":"Executing Step : Enter valid password"}
{"level":"info","message":"Executing Step : Click on Login button"}
{"level":"info","message":"Executing Step : Verify user is successfully logged in"}
{"level":"info","message":"Test Case Completed : Verify Baby Outlet Login Status : passed"}
{"level":"info","message":"Test Case Started : Verify Baby Outlet Login"}
{"level":"info","message":"Executing Step : Navigate to web-admin  Login page"}
{"level":"info","message":"Test Case Completed : Verify Baby Outlet Login Status : failed"}
{"level":"info","message":"Test Case Started : Verify Baby Outlet Login"}
{"level":"info","message":"Executing Step : Navigate to web-admin  Login page"}
{"level":"info","message":"Test Case Completed : Verify Baby Outlet Login Status : failed"}
{"level":"info","message":"Test Case Started : Verify Baby Outlet Login"}
{"level":"info","message":"Executing Step : Navigate to web-admin  Login page"}
{"level":"info","message":"Test Case Completed : Verify Baby Outlet Login Status : failed"}
{"level":"info","message":"Test Case Started : Verify Baby Outlet Login"}
{"level":"info","message":"Executing Step : Navigate to web-admin  Login page"}
{"level":"info","message":"Executing Step : Verify web-admin logo is displayed"}
{"level":"info","message":"Executing Step : Enter valid username"}
{"level":"info","message":"Executing Step : Enter valid password"}
{"level":"info","message":"Executing Step : Click on Login button"}
{"level":"info","message":"Executing Step : Verify user is successfully logged in"}
{"level":"info","message":"Test Case Completed : Verify Baby Outlet Login Status : passed"}
{"level":"error","message":"Error: Cannot find module '@lib/BaseTest'\nRequire stack:\n- C:\\Users\\Song Koev\\OneDrive\\Desktop\\Playwrite\\playwright-typescript-playwright-test\\tests\\functional\\Login.test.ts\n- C:\\Users\\Song Koev\\OneDrive\\Desktop\\Playwrite\\playwright-typescript-playwright-test\\node_modules\\playwright\\lib\\transform\\transform.js\n- C:\\Users\\Song Koev\\OneDrive\\Desktop\\Playwrite\\playwright-typescript-playwright-test\\node_modules\\playwright\\lib\\common\\esmLoaderHost.js\n- C:\\Users\\Song Koev\\OneDrive\\Desktop\\Playwrite\\playwright-typescript-playwright-test\\node_modules\\playwright\\lib\\runner\\processHost.js\n- C:\\Users\\Song Koev\\OneDrive\\Desktop\\Playwrite\\playwright-typescript-playwright-test\\node_modules\\playwright\\lib\\runner\\loaderHost.js\n- C:\\Users\\Song Koev\\OneDrive\\Desktop\\Playwrite\\playwright-typescript-playwright-test\\node_modules\\playwright\\lib\\runner\\loadUtils.js\n- C:\\Users\\Song Koev\\OneDrive\\Desktop\\Playwrite\\playwright-typescript-playwright-test\\node_modules\\playwright\\lib\\runner\\reporters.js\n- C:\\Users\\Song Koev\\OneDrive\\Desktop\\Playwrite\\playwright-typescript-playwright-test\\node_modules\\playwright\\lib\\runner\\runner.js\n- C:\\Users\\Song Koev\\OneDrive\\Desktop\\Playwrite\\playwright-typescript-playwright-test\\node_modules\\playwright\\lib\\program.js\n- C:\\Users\\Song Koev\\OneDrive\\Desktop\\Playwrite\\playwright-typescript-playwright-test\\node_modules\\@playwright\\test\\cli.js"}
{"level":"error","message":"Error: No tests found.\nMake sure that arguments are regular expressions matching test files.\nYou may need to escape symbols like \"$\" or \"*\" and quote the arguments."}
{"level":"error","message":"Error: Cannot find module '@pages/LoginPage'\nRequire stack:\n- C:\\Users\\Song Koev\\OneDrive\\Desktop\\Playwrite\\playwright-typescript-playwright-test\\lib\\BaseTest.ts\n- C:\\Users\\Song Koev\\OneDrive\\Desktop\\Playwrite\\playwright-typescript-playwright-test\\tests\\functional\\Login.test.ts\n- C:\\Users\\Song Koev\\OneDrive\\Desktop\\Playwrite\\playwright-typescript-playwright-test\\node_modules\\playwright\\lib\\transform\\transform.js\n- C:\\Users\\Song Koev\\OneDrive\\Desktop\\Playwrite\\playwright-typescript-playwright-test\\node_modules\\playwright\\lib\\common\\esmLoaderHost.js\n- C:\\Users\\Song Koev\\OneDrive\\Desktop\\Playwrite\\playwright-typescript-playwright-test\\node_modules\\playwright\\lib\\runner\\processHost.js\n- C:\\Users\\Song Koev\\OneDrive\\Desktop\\Playwrite\\playwright-typescript-playwright-test\\node_modules\\playwright\\lib\\runner\\loaderHost.js\n- C:\\Users\\Song Koev\\OneDrive\\Desktop\\Playwrite\\playwright-typescript-playwright-test\\node_modules\\playwright\\lib\\runner\\loadUtils.js\n- C:\\Users\\Song Koev\\OneDrive\\Desktop\\Playwrite\\playwright-typescript-playwright-test\\node_modules\\playwright\\lib\\runner\\reporters.js\n- C:\\Users\\Song Koev\\OneDrive\\Desktop\\Playwrite\\playwright-typescript-playwright-test\\node_modules\\playwright\\lib\\runner\\runner.js\n- C:\\Users\\Song Koev\\OneDrive\\Desktop\\Playwrite\\playwright-typescript-playwright-test\\node_modules\\playwright\\lib\\program.js\n- C:\\Users\\Song Koev\\OneDrive\\Desktop\\Playwrite\\playwright-typescript-playwright-test\\node_modules\\@playwright\\test\\cli.js"}
{"level":"error","message":"Error: No tests found.\nMake sure that arguments are regular expressions matching test files.\nYou may need to escape symbols like \"$\" or \"*\" and quote the arguments."}
{"level":"error","message":"Error: Cannot find module '../pages/LoginPage'\nRequire stack:\n- C:\\Users\\Song Koev\\OneDrive\\Desktop\\Playwrite\\playwright-typescript-playwright-test\\lib\\BaseTest.ts\n- C:\\Users\\Song Koev\\OneDrive\\Desktop\\Playwrite\\playwright-typescript-playwright-test\\tests\\functional\\Login.test.ts\n- C:\\Users\\Song Koev\\OneDrive\\Desktop\\Playwrite\\playwright-typescript-playwright-test\\node_modules\\playwright\\lib\\transform\\transform.js\n- C:\\Users\\Song Koev\\OneDrive\\Desktop\\Playwrite\\playwright-typescript-playwright-test\\node_modules\\playwright\\lib\\common\\esmLoaderHost.js\n- C:\\Users\\Song Koev\\OneDrive\\Desktop\\Playwrite\\playwright-typescript-playwright-test\\node_modules\\playwright\\lib\\runner\\processHost.js\n- C:\\Users\\Song Koev\\OneDrive\\Desktop\\Playwrite\\playwright-typescript-playwright-test\\node_modules\\playwright\\lib\\runner\\loaderHost.js\n- C:\\Users\\Song Koev\\OneDrive\\Desktop\\Playwrite\\playwright-typescript-playwright-test\\node_modules\\playwright\\lib\\runner\\loadUtils.js\n- C:\\Users\\Song Koev\\OneDrive\\Desktop\\Playwrite\\playwright-typescript-playwright-test\\node_modules\\playwright\\lib\\runner\\reporters.js\n- C:\\Users\\Song Koev\\OneDrive\\Desktop\\Playwrite\\playwright-typescript-playwright-test\\node_modules\\playwright\\lib\\runner\\runner.js\n- C:\\Users\\Song Koev\\OneDrive\\Desktop\\Playwrite\\playwright-typescript-playwright-test\\node_modules\\playwright\\lib\\program.js\n- C:\\Users\\Song Koev\\OneDrive\\Desktop\\Playwrite\\playwright-typescript-playwright-test\\node_modules\\@playwright\\test\\cli.js"}
{"level":"error","message":"Error: No tests found.\nMake sure that arguments are regular expressions matching test files.\nYou may need to escape symbols like \"$\" or \"*\" and quote the arguments."}
{"level":"info","message":"Test Case Started : Verify Baby Outlet Login"}
{"level":"info","message":"Executing Step : Navigate to web-admin  Login page"}
{"level":"info","message":"Executing Step : Verify web-admin logo is displayed"}
{"level":"info","message":"Executing Step : Enter valid username"}
{"level":"info","message":"Executing Step : Enter valid password"}
{"level":"info","message":"Executing Step : Click on Login button"}
{"level":"info","message":"Executing Step : Verify user is successfully logged in"}
{"level":"info","message":"Test Case Completed : Verify Baby Outlet Login Status : passed"}
{"level":"info","message":"Test Case Started : Verify Baby Outlet Login"}
{"level":"info","message":"Executing Step : Navigate to web-admin  Login page"}
{"level":"info","message":"Executing Step : Verify web-admin logo is displayed"}
{"level":"info","message":"Executing Step : Enter valid username"}
{"level":"info","message":"Executing Step : Enter valid password"}
{"level":"info","message":"Executing Step : Click on Login button"}
{"level":"info","message":"Executing Step : Verify user is successfully logged in"}
{"level":"info","message":"Test Case Completed : Verify Baby Outlet Login Status : passed"}
{"level":"info","message":"Test Case Started : Verify Baby Outlet Login"}
{"level":"info","message":"Test Case Completed : Verify Baby Outlet Login Status : failed"}
{"level":"info","message":"Test Case Started : Verify Baby Outlet Login"}
{"level":"info","message":"Test Case Completed : Verify Baby Outlet Login Status : failed"}
{"level":"info","message":"Test Case Started : Verify Baby Outlet Login"}
{"level":"info","message":"Executing Step : Navigate to web-admin  Login page"}
{"level":"info","message":"Executing Step : Verify web-admin logo is displayed"}
{"level":"info","message":"Executing Step : Enter valid username"}
{"level":"info","message":"Executing Step : Enter valid password"}
{"level":"info","message":"Executing Step : Click on Login button"}
{"level":"info","message":"Executing Step : Verify user is successfully logged in"}
{"level":"info","message":"Test Case Completed : Verify Baby Outlet Login Status : passed"}
{"level":"info","message":"Test Case Started : Verify Baby Outlet Login"}
{"level":"info","message":"Executing Step : Navigate to web-admin  Login page"}
{"level":"info","message":"Executing Step : Verify web-admin logo is displayed"}
{"level":"info","message":"Executing Step : Enter valid username"}
{"level":"info","message":"Executing Step : Enter valid password"}
{"level":"info","message":"Executing Step : Click on Login button"}
{"level":"info","message":"Executing Step : Verify user is successfully logged in"}
{"level":"info","message":"Test Case Completed : Verify Baby Outlet Login Status : passed"}
{"level":"info","message":"Test Case Started : Verify Baby Outlet Login"}
{"level":"info","message":"Executing Step : Navigate to web-admin  Login page"}
{"level":"info","message":"Executing Step : Verify web-admin logo is displayed"}
{"level":"info","message":"Executing Step : Enter valid username"}
{"level":"info","message":"Executing Step : Enter valid password"}
{"level":"info","message":"Executing Step : Click on Login button"}
{"level":"info","message":"Executing Step : Verify user is successfully logged in"}
{"level":"info","message":"Test Case Completed : Verify Baby Outlet Login Status : passed"}
{"level":"info","message":"Test Case Started : Verify Baby Outlet Login"}
{"level":"info","message":"Executing Step : Navigate to web-admin  Login page"}
{"level":"info","message":"Executing Step : Verify web-admin logo is displayed"}
{"level":"info","message":"Executing Step : Enter valid username"}
{"level":"info","message":"Executing Step : Enter valid password"}
{"level":"info","message":"Executing Step : Click on Login button"}
{"level":"info","message":"Executing Step : Verify user is successfully logged in"}
{"level":"info","message":"Test Case Completed : Verify Baby Outlet Login Status : passed"}
{"level":"info","message":"Test Case Started : Verify Baby Outlet Login"}
{"level":"info","message":"Executing Step : Navigate to web-admin  Login page"}
{"level":"info","message":"Executing Step : Verify web-admin logo is displayed"}
{"level":"info","message":"Executing Step : Enter valid username"}
{"level":"info","message":"Executing Step : Enter valid password"}
{"level":"info","message":"Executing Step : Click on Login button"}
{"level":"info","message":"Executing Step : Verify user is successfully logged in"}
{"level":"info","message":"Test Case Completed : Verify Baby Outlet Login Status : passed"}
{"level":"error","message":"Error: Cannot find module '@lib/CreateUserPage'\nRequire stack:\n- C:\\Users\\Song Koev\\OneDrive\\Desktop\\Playwrite\\playwright-typescript-playwright-test\\tests\\functional\\CreateUser.test.ts\n- C:\\Users\\Song Koev\\OneDrive\\Desktop\\Playwrite\\playwright-typescript-playwright-test\\node_modules\\playwright\\lib\\transform\\transform.js\n- C:\\Users\\Song Koev\\OneDrive\\Desktop\\Playwrite\\playwright-typescript-playwright-test\\node_modules\\playwright\\lib\\common\\configLoader.js\n- C:\\Users\\Song Koev\\OneDrive\\Desktop\\Playwrite\\playwright-typescript-playwright-test\\node_modules\\playwright\\lib\\program.js\n- C:\\Users\\Song Koev\\OneDrive\\Desktop\\Playwrite\\playwright-typescript-playwright-test\\node_modules\\@playwright\\test\\cli.js"}
{"level":"info","message":"Test Case Started : Verify Baby Outlet Login"}
{"level":"info","message":"Executing Step : Navigate to web-admin  Login page"}
{"level":"info","message":"Executing Step : Verify web-admin logo is displayed"}
{"level":"info","message":"Executing Step : Enter valid username"}
{"level":"info","message":"Executing Step : Enter valid password"}
{"level":"info","message":"Executing Step : Click on Login button"}
{"level":"info","message":"Executing Step : Verify user is successfully logged in"}
{"level":"info","message":"Test Case Completed : Verify Baby Outlet Login Status : passed"}
{"level":"info","message":"Test Case Started : Verify Baby Outlet Login"}
{"level":"info","message":"Executing Step : Navigate to web-admin  Login page"}
{"level":"info","message":"Executing Step : Verify web-admin logo is displayed"}
{"level":"info","message":"Executing Step : Enter valid username"}
{"level":"info","message":"Executing Step : Enter valid password"}
{"level":"info","message":"Executing Step : Click on Login button"}
{"level":"info","message":"Executing Step : Verify user is successfully logged in"}
{"level":"info","message":"Test Case Completed : Verify Baby Outlet Login Status : passed"}
{"level":"error","message":"Error: Cannot find module '@lib/CreateUserPage'\nRequire stack:\n- C:\\Users\\Song Koev\\OneDrive\\Desktop\\Playwrite\\playwright-typescript-playwright-test\\tests\\functional\\CreateUser.test.ts\n- C:\\Users\\Song Koev\\OneDrive\\Desktop\\Playwrite\\playwright-typescript-playwright-test\\node_modules\\playwright\\lib\\transform\\transform.js\n- C:\\Users\\Song Koev\\OneDrive\\Desktop\\Playwrite\\playwright-typescript-playwright-test\\node_modules\\playwright\\lib\\common\\configLoader.js\n- C:\\Users\\Song Koev\\OneDrive\\Desktop\\Playwrite\\playwright-typescript-playwright-test\\node_modules\\playwright\\lib\\program.js\n- C:\\Users\\Song Koev\\OneDrive\\Desktop\\Playwrite\\playwright-typescript-playwright-test\\node_modules\\@playwright\\test\\cli.js"}
{"level":"info","message":"Test Case Started : Create User - Navigate to Add New User Page"}
{"level":"info","message":"Test Case Completed : Create User - Navigate to Add New User Page Status : timedOut"}
{"level":"info","message":"Test Case Started : Create User - Navigate to Add New User Page"}
{"level":"info","message":"Executing Step : Navigate to Login Page"}
{"level":"info","message":"Test Case Completed : Create User - Navigate to Add New User Page Status : failed"}
{"level":"info","message":"Test Case Started : Create User - Navigate to Add New User Page"}
{"level":"info","message":"Executing Step : Navigate to Login Page"}
{"level":"info","message":"Executing Step : Login to system"}
{"level":"info","message":"Test Case Completed : Create User - Navigate to Add New User Page Status : timedOut"}
{"level":"info","message":"Test Case Started : Create User - Navigate to Add New User Page"}
{"level":"info","message":"Executing Step : Navigate to Login Page"}
{"level":"info","message":"Executing Step : Login to system"}
{"level":"info","message":"Test Case Completed : Create User - Navigate to Add New User Page Status : failed"}
{"level":"info","message":"Test Case Started : Create User - Navigate to Add New User Page"}
{"level":"info","message":"Executing Step : Navigate to Login Page"}
{"level":"info","message":"Executing Step : Login to system"}
{"level":"info","message":"Test Case Completed : Create User - Navigate to Add New User Page Status : failed"}
{"level":"info","message":"Test Case Started : Create User - Navigate to Add New User Page"}
{"level":"info","message":"Executing Step : Navigate to Login Page"}
{"level":"info","message":"Executing Step : Login to system"}
{"level":"info","message":"Test Case Completed : Create User - Navigate to Add New User Page Status : interrupted"}
{"level":"info","message":"Test Case Started : Create User - Navigate to Add New User Page"}
{"level":"info","message":"Executing Step : Navigate to Login Page"}
{"level":"info","message":"Executing Step : Login to system"}
{"level":"info","message":"Test Case Completed : Create User - Navigate to Add New User Page Status : failed"}
{"level":"info","message":"Test Case Started : Create User - Navigate to Add New User Page"}
{"level":"info","message":"Executing Step : Navigate to Login Page"}
{"level":"info","message":"Executing Step : Login to system"}
{"level":"info","message":"Test Case Completed : Create User - Navigate to Add New User Page Status : failed"}
{"level":"info","message":"Test Case Started : Create User - Navigate to Add New User Page"}
{"level":"info","message":"Executing Step : Navigate to Login Page"}
{"level":"info","message":"Executing Step : Login to system"}
{"level":"info","message":"Executing Step : Navigate to Add New User Page"}
{"level":"info","message":"Test Case Completed : Create User - Navigate to Add New User Page Status : timedOut"}
{"level":"info","message":"Test Case Started : Create User - Navigate to Add New User Page"}
{"level":"info","message":"Executing Step : Navigate to Login Page"}
{"level":"info","message":"Executing Step : Login to system"}
{"level":"info","message":"Executing Step : Navigate to Add New User Page"}
{"level":"info","message":"Test Case Completed : Create User - Navigate to Add New User Page Status : timedOut"}
{"level":"info","message":"Test Case Started : Create User - Navigate to Add New User Page"}
{"level":"info","message":"Executing Step : Navigate to Login Page"}
{"level":"info","message":"Executing Step : Login to system"}
{"level":"info","message":"Executing Step : Navigate to Add New User Page"}
{"level":"info","message":"Test Case Completed : Create User - Navigate to Add New User Page Status : passed"}
{"level":"info","message":"Test Case Started : Create User - Navigate to Add New User Page"}
{"level":"info","message":"Executing Step : Navigate to Login Page"}
{"level":"info","message":"Executing Step : Login to system"}
{"level":"info","message":"Executing Step : Navigate to Add New User Page"}
{"level":"info","message":"Test Case Completed : Create User - Navigate to Add New User Page Status : interrupted"}
{"level":"info","message":"Test Case Started : Create User - Navigate to Add New User Page"}
{"level":"info","message":"Executing Step : Navigate to Login Page"}
{"level":"info","message":"Executing Step : Login to system"}
{"level":"info","message":"Executing Step : Navigate to Add New User Page"}
{"level":"info","message":"Test Case Completed : Create User - Navigate to Add New User Page Status : timedOut"}
{"level":"info","message":"Test Case Started : Create User - Navigate to Add New User Page"}
{"level":"info","message":"Executing Step : Navigate to Login Page"}
{"level":"info","message":"Executing Step : Login to system"}
{"level":"info","message":"Executing Step : Navigate to Add New User Page"}
{"level":"info","message":"Test Case Completed : Create User - Navigate to Add New User Page Status : passed"}
{"level":"info","message":"Test Case Started : Create User - Navigate to Add New User Page"}
{"level":"info","message":"Executing Step : Navigate to Login Page"}
{"level":"info","message":"Executing Step : Login to system"}
{"level":"info","message":"Executing Step : Navigate to Add New User Page"}
{"level":"info","message":"Test Case Completed : Create User - Navigate to Add New User Page Status : interrupted"}
{"level":"info","message":"Test Case Started : Create User - Navigate to Add New User Page"}
{"level":"info","message":"Executing Step : Navigate to Login Page"}
{"level":"info","message":"Executing Step : Login to system"}
{"level":"info","message":"Executing Step : Navigate to Add New User Page"}
{"level":"info","message":"Test Case Completed : Create User - Navigate to Add New User Page Status : passed"}
{"level":"info","message":"Test Case Started : Create User - Navigate to Add New User Page"}
{"level":"info","message":"Executing Step : Navigate to Login Page"}
{"level":"info","message":"Executing Step : Login to system"}
{"level":"info","message":"Executing Step : Navigate to Add New User Page"}
{"level":"info","message":"Test Case Completed : Create User - Navigate to Add New User Page Status : passed"}
{"level":"info","message":"Test Case Started : Create User - Navigate to Add New User Page"}
{"level":"info","message":"Executing Step : Navigate to Login Page"}
{"level":"info","message":"Executing Step : Login to system"}
{"level":"info","message":"Executing Step : Navigate to Add New User Page"}
{"level":"info","message":"Test Case Completed : Create User - Navigate to Add New User Page Status : passed"}
{"level":"info","message":"Test Case Started : Create User - Navigate to Add New User Page"}
{"level":"info","message":"Executing Step : Navigate to Login Page"}
{"level":"info","message":"Executing Step : Login to system"}
{"level":"info","message":"Executing Step : Navigate to Add New User Page"}
{"level":"info","message":"Test Case Completed : Create User - Navigate to Add New User Page Status : failed"}
{"level":"info","message":"Test Case Started : Create User - Navigate to Add New User Page"}
{"level":"info","message":"Executing Step : Navigate to Login Page"}
{"level":"info","message":"Executing Step : Login to system"}
{"level":"info","message":"Executing Step : Navigate to Add New User Page"}
{"level":"info","message":"Test Case Completed : Create User - Navigate to Add New User Page Status : passed"}
{"level":"info","message":"Test Case Started : Create User - Navigate to Add New User Page"}
{"level":"info","message":"Executing Step : Navigate to Login Page"}
{"level":"info","message":"Executing Step : Login to system"}
{"level":"info","message":"Executing Step : Navigate to Add New User Page"}
{"level":"info","message":"Test Case Completed : Create User - Navigate to Add New User Page Status : interrupted"}
{"level":"info","message":"Test Case Started : Create User - Navigate to Add New User Page"}
{"level":"info","message":"Executing Step : Navigate to Login Page"}
{"level":"info","message":"Executing Step : Login to system"}
{"level":"info","message":"Executing Step : Navigate to Add New User Page"}
{"level":"info","message":"Test Case Completed : Create User - Navigate to Add New User Page Status : passed"}
{"level":"info","message":"Test Case Started : test"}
{"level":"info","message":"Test Case Completed : test Status : passed"}
{"level":"info","message":"Test Case Started : test"}
{"level":"info","message":"Test Case Completed : test Status : passed"}
{"level":"info","message":"Test Case Started : Create User - Navigate to Add New User Page"}
{"level":"info","message":"Executing Step : Navigate to Login Page"}
{"level":"info","message":"Executing Step : Login to system"}
{"level":"info","message":"Executing Step : Navigate to Add New User Page"}
{"level":"info","message":"Test Case Completed : Create User - Navigate to Add New User Page Status : passed"}
{"level":"info","message":"Test Case Started : Create User - Navigate to Add New User Page"}
{"level":"info","message":"Executing Step : Navigate to Login Page"}
{"level":"info","message":"Executing Step : Login to system"}
{"level":"info","message":"Executing Step : Navigate to Add New User Page"}
{"level":"info","message":"Test Case Completed : Create User - Navigate to Add New User Page Status : passed"}
{"level":"info","message":"Test Case Started : Create User - Navigate to Add New User Page"}
{"level":"info","message":"Executing Step : Navigate to Login Page"}
{"level":"info","message":"Executing Step : Login to system"}
{"level":"info","message":"Executing Step : Navigate to Add New User Page"}
{"level":"info","message":"Test Case Completed : Create User - Navigate to Add New User Page Status : passed"}
{"level":"info","message":"Test Case Started : Create User - Navigate to Add New User Page"}
{"level":"info","message":"Executing Step : Navigate to Login Page"}
{"level":"info","message":"Executing Step : Login to system"}
{"level":"info","message":"Executing Step : Navigate to Add New User Page"}
{"level":"info","message":"Test Case Completed : Create User - Navigate to Add New User Page Status : timedOut"}
{"level":"info","message":"Test Case Started : Create User - Navigate to Add New User Page"}
{"level":"info","message":"Executing Step : Navigate to Login Page"}
{"level":"info","message":"Executing Step : Login to system"}
{"level":"info","message":"Executing Step : Navigate to Add New User Page"}
{"level":"info","message":"Test Case Completed : Create User - Navigate to Add New User Page Status : interrupted"}
{"level":"info","message":"Test Case Started : Create User - Navigate to Add New User Page"}
{"level":"info","message":"Executing Step : Navigate to Login Page"}
{"level":"info","message":"Executing Step : Login to system"}
{"level":"info","message":"Executing Step : Navigate to Add New User Page"}
{"level":"info","message":"Test Case Completed : Create User - Navigate to Add New User Page Status : interrupted"}
{"level":"info","message":"Test Case Started : Create User - Navigate to Add New User Page"}
{"level":"info","message":"Executing Step : Navigate to Login Page"}
{"level":"info","message":"Executing Step : Login to system"}
{"level":"info","message":"Executing Step : Navigate to Add New User Page"}
{"level":"info","message":"Test Case Completed : Create User - Navigate to Add New User Page Status : interrupted"}
{"level":"info","message":"Test Case Started : Create User - Navigate to Add New User Page"}
{"level":"info","message":"Executing Step : Navigate to Login Page"}
{"level":"info","message":"Executing Step : Login to system"}
{"level":"info","message":"Executing Step : Navigate to Add New User Page"}
{"level":"info","message":"Test Case Completed : Create User - Navigate to Add New User Page Status : interrupted"}
{"level":"info","message":"Test Case Started : Create User - Navigate to Add New User Page"}
{"level":"info","message":"Executing Step : Navigate to Login Page"}
{"level":"info","message":"Executing Step : Login to system"}
{"level":"info","message":"Executing Step : Navigate to Add New User Page"}
{"level":"info","message":"Test Case Completed : Create User - Navigate to Add New User Page Status : interrupted"}
{"level":"info","message":"Test Case Started : Create User - Navigate to Add New User Page"}
{"level":"info","message":"Executing Step : Navigate to Login Page"}
{"level":"info","message":"Executing Step : Login to system"}
{"level":"info","message":"Executing Step : Navigate to Add New User Page"}
{"level":"info","message":"Test Case Completed : Create User - Navigate to Add New User Page Status : timedOut"}
{"level":"info","message":"Test Case Started : Create User - Navigate to Add New User Page"}
{"level":"info","message":"Executing Step : Navigate to Login Page"}
{"level":"info","message":"Executing Step : Login to system"}
{"level":"info","message":"Executing Step : Navigate to Add New User Page"}
{"level":"info","message":"Test Case Completed : Create User - Navigate to Add New User Page Status : interrupted"}
{"level":"info","message":"Test Case Started : Create User - Navigate to Add New User Page"}
{"level":"info","message":"Executing Step : Navigate to Login Page"}
{"level":"info","message":"Executing Step : Login to system"}
{"level":"info","message":"Executing Step : Navigate to Add New User Page"}
{"level":"info","message":"Test Case Completed : Create User - Navigate to Add New User Page Status : passed"}
{"level":"info","message":"Test Case Started : Create User - Navigate to Add New User Page"}
{"level":"info","message":"Executing Step : Navigate to Login Page"}
{"level":"info","message":"Executing Step : Login to system"}
{"level":"info","message":"Executing Step : Navigate to Add New User Page"}
{"level":"info","message":"Test Case Completed : Create User - Navigate to Add New User Page Status : timedOut"}
{"level":"info","message":"Test Case Started : Create User - Navigate to Add New User Page"}
{"level":"info","message":"Executing Step : Navigate to Login Page"}
{"level":"info","message":"Executing Step : Login to system"}
{"level":"info","message":"Executing Step : Navigate to Add New User Page"}
{"level":"info","message":"Test Case Completed : Create User - Navigate to Add New User Page Status : timedOut"}
{"level":"info","message":"Test Case Started : test"}
{"level":"info","message":"Test Case Completed : test Status : passed"}
{"level":"info","message":"Test Case Started : Create User - Navigate to Add New User Page"}
{"level":"info","message":"Executing Step : Navigate to Login Page"}
{"level":"info","message":"Executing Step : Login to system"}
{"level":"info","message":"Executing Step : Navigate to Add New User Page"}
{"level":"info","message":"Test Case Completed : Create User - Navigate to Add New User Page Status : timedOut"}
{"level":"info","message":"Test Case Started : Verify Baby Outlet Login"}
{"level":"info","message":"Executing Step : Navigate to web-admin  Login page"}
{"level":"info","message":"Executing Step : Verify web-admin logo is displayed"}
{"level":"info","message":"Executing Step : Enter valid username"}
{"level":"info","message":"Executing Step : Enter valid password"}
{"level":"info","message":"Executing Step : Click on Login button"}
{"level":"info","message":"Executing Step : Verify user is successfully logged in"}
{"level":"info","message":"Test Case Completed : Verify Baby Outlet Login Status : passed"}
{"level":"info","message":"Test Case Started : Create User - Navigate to Add New User Page"}
{"level":"info","message":"Executing Step : Navigate to Login Page"}
{"level":"info","message":"Executing Step : Login to system"}
{"level":"info","message":"Executing Step : Navigate to Add New User Page"}
{"level":"info","message":"Test Case Completed : Create User - Navigate to Add New User Page Status : passed"}
{"level":"info","message":"Test Case Started : Create User - Navigate to Add New User Page"}
{"level":"info","message":"Executing Step : Navigate to Login Page"}
{"level":"info","message":"Executing Step : Login to system"}
{"level":"info","message":"Executing Step : Navigate to Add New User Page"}
{"level":"info","message":"Test Case Completed : Create User - Navigate to Add New User Page Status : passed"}
{"level":"info","message":"Test Case Started : Create User - Navigate to Add New User Page"}
{"level":"info","message":"Executing Step : Navigate to Login Page"}
{"level":"info","message":"Executing Step : Login to system"}
{"level":"info","message":"Executing Step : Navigate to Add New User Page"}
{"level":"info","message":"Test Case Completed : Create User - Navigate to Add New User Page Status : interrupted"}
{"level":"info","message":"Test Case Started : Create User - Navigate to Add New User Page"}
{"level":"info","message":"Executing Step : Navigate to Login Page"}
{"level":"info","message":"Executing Step : Login to system"}
{"level":"info","message":"Executing Step : Navigate to Add New User Page"}
{"level":"info","message":"Test Case Completed : Create User - Navigate to Add New User Page Status : timedOut"}
{"level":"info","message":"Test Case Started : Create User - Navigate to Add New User Page"}
{"level":"info","message":"Executing Step : Navigate to Login Page"}
{"level":"info","message":"Executing Step : Login to system"}
{"level":"info","message":"Executing Step : Navigate to Add New User Page"}
{"level":"info","message":"Test Case Completed : Create User - Navigate to Add New User Page Status : failed"}
{"level":"info","message":"Test Case Started : Create User - Navigate to Add New User Page"}
{"level":"info","message":"Executing Step : Navigate to Login Page"}
{"level":"info","message":"Executing Step : Login to system"}
{"level":"info","message":"Executing Step : Navigate to Add New User Page"}
{"level":"info","message":"Test Case Completed : Create User - Navigate to Add New User Page Status : passed"}
{"level":"info","message":"Test Case Started : Create User - Navigate to Add New User Page"}
{"level":"info","message":"Executing Step : Navigate to Login Page"}
{"level":"info","message":"Executing Step : Login to system"}
{"level":"info","message":"Executing Step : Navigate to Add New User Page"}
{"level":"info","message":"Test Case Completed : Create User - Navigate to Add New User Page Status : passed"}
{"level":"info","message":"Test Case Started : Create User - Navigate to Add New User Page"}
{"level":"info","message":"Executing Step : Navigate to Login Page"}
{"level":"info","message":"Executing Step : Login to system"}
{"level":"info","message":"Executing Step : Navigate to Add New User Page"}
{"level":"info","message":"Test Case Completed : Create User - Navigate to Add New User Page Status : passed"}
{"level":"info","message":"Test Case Started : Verify Baby Outlet Login"}
{"level":"info","message":"Executing Step : Navigate to web-admin  Login page"}
{"level":"info","message":"Executing Step : Verify web-admin logo is displayed"}
{"level":"info","message":"Executing Step : Enter valid username"}
{"level":"info","message":"Executing Step : Enter valid password"}
{"level":"info","message":"Executing Step : Click on Login button"}
{"level":"info","message":"Executing Step : Verify user is successfully logged in"}
{"level":"info","message":"Test Case Completed : Verify Baby Outlet Login Status : passed"}
{"level":"info","message":"Test Case Started : Verify Baby Outlet Login"}
{"level":"info","message":"Executing Step : Navigate to web-admin  Login page"}
{"level":"info","message":"Executing Step : Verify web-admin logo is displayed"}
{"level":"info","message":"Executing Step : Enter valid username"}
{"level":"info","message":"Executing Step : Enter valid password"}
{"level":"info","message":"Executing Step : Click on Login button"}
{"level":"info","message":"Executing Step : Verify user is successfully logged in"}
{"level":"info","message":"Test Case Completed : Verify Baby Outlet Login Status : passed"}
{"level":"info","message":"Test Case Started : Verify Baby Outlet Login"}
{"level":"info","message":"Executing Step : Navigate to web-admin  Login page"}
{"level":"info","message":"Executing Step : Verify web-admin logo is displayed"}
{"level":"info","message":"Executing Step : Enter valid username"}
{"level":"info","message":"Executing Step : Enter valid password"}
{"level":"info","message":"Executing Step : Click on Login button"}
{"level":"info","message":"Executing Step : Verify user is successfully logged in"}
{"level":"info","message":"Test Case Completed : Verify Baby Outlet Login Status : passed"}
{"level":"info","message":"Test Case Started : Verify Baby Outlet Login"}
{"level":"info","message":"Executing Step : Navigate to web-admin  Login page"}
{"level":"info","message":"Executing Step : Verify web-admin logo is displayed"}
{"level":"info","message":"Executing Step : Enter valid username"}
{"level":"info","message":"Executing Step : Enter valid password"}
{"level":"info","message":"Executing Step : Click on Login button"}
{"level":"info","message":"Executing Step : Verify user is successfully logged in"}
{"level":"info","message":"Test Case Completed : Verify Baby Outlet Login Status : passed"}
{"level":"info","message":"Test Case Started : Verify Baby Outlet Login"}
{"level":"info","message":"Executing Step : Navigate to web-admin  Login page"}
{"level":"info","message":"Executing Step : Verify web-admin logo is displayed"}
{"level":"info","message":"Executing Step : Enter valid username"}
{"level":"info","message":"Executing Step : Enter valid password"}
{"level":"info","message":"Executing Step : Click on Login button"}
{"level":"info","message":"Executing Step : Verify user is successfully logged in"}
{"level":"info","message":"Test Case Completed : Verify Baby Outlet Login Status : passed"}
{"level":"info","message":"Test Case Started : Verify Baby Outlet Login"}
{"level":"info","message":"Executing Step : Navigate to web-admin  Login page"}
{"level":"info","message":"Executing Step : Verify web-admin logo is displayed"}
{"level":"info","message":"Executing Step : Enter valid username"}
{"level":"info","message":"Executing Step : Enter valid password"}
{"level":"info","message":"Executing Step : Click on Login button"}
{"level":"info","message":"Executing Step : Verify user is successfully logged in"}
{"level":"info","message":"Test Case Completed : Verify Baby Outlet Login Status : passed"}
{"level":"info","message":"Test Case Started : Verify Baby Outlet Login"}
{"level":"info","message":"Executing Step : Navigate to web-admin  Login page"}
{"level":"info","message":"Executing Step : Verify web-admin logo is displayed"}
{"level":"info","message":"Executing Step : Enter valid username"}
{"level":"info","message":"Executing Step : Enter valid password"}
{"level":"info","message":"Executing Step : Click on Login button"}
{"level":"info","message":"Executing Step : Verify user is successfully logged in"}
{"level":"info","message":"Test Case Completed : Verify Baby Outlet Login Status : passed"}
{"level":"info","message":"Test Case Started : Verify Baby Outlet Login"}
{"level":"info","message":"Executing Step : Navigate to web-admin  Login page"}
{"level":"info","message":"Executing Step : Verify web-admin logo is displayed"}
{"level":"info","message":"Executing Step : Enter valid username"}
{"level":"info","message":"Executing Step : Enter valid password"}
{"level":"info","message":"Executing Step : Click on Login button"}
{"level":"info","message":"Executing Step : Verify user is successfully logged in"}
{"level":"info","message":"Test Case Completed : Verify Baby Outlet Login Status : passed"}
{"level":"info","message":"Test Case Started : Verify Baby Outlet Login"}
{"level":"info","message":"Executing Step : Navigate to web-admin  Login page"}
{"level":"info","message":"Executing Step : Verify web-admin logo is displayed"}
{"level":"info","message":"Executing Step : Enter valid username"}
{"level":"info","message":"Executing Step : Enter valid password"}
{"level":"info","message":"Executing Step : Click on Login button"}
{"level":"info","message":"Executing Step : Verify user is successfully logged in"}
{"level":"info","message":"Test Case Completed : Verify Baby Outlet Login Status : passed"}
{"level":"info","message":"Test Case Started : Verify Baby Outlet Login"}
{"level":"info","message":"Executing Step : Navigate to web-admin  Login page"}
{"level":"info","message":"Executing Step : Verify web-admin logo is displayed"}
{"level":"info","message":"Executing Step : Enter valid username"}
{"level":"info","message":"Executing Step : Enter valid password"}
{"level":"info","message":"Executing Step : Click on Login button"}
{"level":"info","message":"Executing Step : Verify user is successfully logged in"}
{"level":"info","message":"Test Case Completed : Verify Baby Outlet Login Status : passed"}
{"level":"info","message":"Test Case Started : Verify Baby Outlet Login"}
{"level":"info","message":"Executing Step : Navigate to web-admin  Login page"}
{"level":"info","message":"Executing Step : Verify web-admin logo is displayed"}
{"level":"info","message":"Executing Step : Enter valid username"}
{"level":"info","message":"Executing Step : Enter valid password"}
{"level":"info","message":"Executing Step : Click on Login button"}
{"level":"info","message":"Executing Step : Verify user is successfully logged in"}
{"level":"info","message":"Test Case Completed : Verify Baby Outlet Login Status : passed"}
{"level":"info","message":"Test Case Started : Verify Baby Outlet Login"}
{"level":"info","message":"Executing Step : Navigate to web-admin  Login page"}
{"level":"info","message":"Executing Step : Verify web-admin logo is displayed"}
{"level":"info","message":"Executing Step : Enter valid username"}
{"level":"info","message":"Executing Step : Enter valid password"}
{"level":"info","message":"Executing Step : Click on Login button"}
{"level":"info","message":"Executing Step : Verify user is successfully logged in"}
{"level":"info","message":"Test Case Completed : Verify Baby Outlet Login Status : passed"}
{"level":"info","message":"Test Case Started : test"}
{"level":"info","message":"Test Case Started : postUsers"}
{"level":"info","message":"Test Case Started : getUsers"}
{"level":"info","message":"Test Case Started : Verify Page Accessibility"}
{"level":"info","message":"Test Case Completed : getUsers Status : failed"}
{"level":"info","message":"Test Case Completed : postUsers Status : failed"}
{"level":"info","message":"Test Case Completed : test Status : passed"}
{"level":"info","message":"Test Case Started : @API getUsersToken"}
{"level":"info","message":"Test Case Started : Connect to Postgres DB"}
{"level":"info","message":"Test Case Completed : Connect to Postgres DB Status : failed"}
{"level":"info","message":"Test Case Completed : @API getUsersToken Status : failed"}
{"level":"info","message":"Test Case Started : Verify Elements Page."}
{"level":"info","message":"Test Case Completed : Verify Page Accessibility Status : failed"}
{"level":"info","message":"Test Case Started : Verify Alerts, Frame & Windows Page"}
{"level":"info","message":"Test Case Started : Create User - Navigate to Add New User Page"}
{"level":"info","message":"Executing Step : Navigate to Login Page"}
{"level":"info","message":"Test Case Started : Verify Elements Page"}
{"level":"info","message":"Executing Step : Login to system"}
{"level":"info","message":"Executing Step : Navigate to Add New User Page"}
{"level":"info","message":"Test Case Completed : Create User - Navigate to Add New User Page Status : timedOut"}
{"level":"info","message":"Test Case Started : Generate and verify HAR file for Login Page."}
{"level":"info","message":"Test Case Completed : Verify Elements Page. Status : timedOut"}
{"level":"info","message":"Test Case Started : Verify Interactions Page"}
{"level":"info","message":"Test Case Completed : Verify Alerts, Frame & Windows Page Status : timedOut"}
{"level":"info","message":"Test Case Completed : Verify Elements Page Status : timedOut"}
{"level":"info","message":"Test Case Started : Verify Baby Outlet Login"}
{"level":"info","message":"Test Case Started : Verify the text contents of PDF file."}
{"level":"info","message":"Executing Step : Navigate to web-admin  Login page"}
{"level":"info","message":"Test Case Completed : Verify the text contents of PDF file. Status : passed"}
{"level":"info","message":"Test Case Started : Verify Widgets Page"}
{"level":"info","message":"Executing Step : Verify web-admin logo is displayed"}
{"level":"info","message":"Executing Step : Enter valid username"}
{"level":"info","message":"Executing Step : Enter valid password"}
{"level":"info","message":"Executing Step : Click on Login button"}
{"level":"info","message":"Executing Step : Verify user is successfully logged in"}
{"level":"info","message":"Test Case Completed : Verify Baby Outlet Login Status : passed"}
{"level":"info","message":"Test Case Started : Verify Elements Page."}
{"level":"info","message":"Test Case Completed : Verify Elements Page. Status : failed"}
{"level":"info","message":"Test Case Completed : Generate and verify HAR file for Login Page. Status : timedOut"}
{"level":"info","message":"Test Case Completed : Verify Interactions Page Status : timedOut"}
{"level":"info","message":"Test Case Completed : Verify Widgets Page Status : timedOut"}
{"level":"info","message":"Test Case Started : test"}
{"level":"info","message":"Test Case Started : getUsers"}
{"level":"info","message":"Test Case Started : postUsers"}
{"level":"info","message":"Test Case Started : Verify Page Accessibility"}
{"level":"info","message":"Test Case Completed : postUsers Status : failed"}
{"level":"info","message":"Test Case Completed : test Status : passed"}
{"level":"info","message":"Test Case Started : Connect to Postgres DB"}
{"level":"info","message":"Test Case Completed : Connect to Postgres DB Status : failed"}
{"level":"info","message":"Test Case Started : Verify Elements Page."}
{"level":"info","message":"Test Case Started : Verify Alerts, Frame & Windows Page"}
{"level":"info","message":"Test Case Completed : Verify Page Accessibility Status : failed"}
{"level":"info","message":"Test Case Started : Create User - Navigate to Add New User Page"}
{"level":"info","message":"Executing Step : Navigate to Login Page"}
{"level":"info","message":"Executing Step : Login to system"}
{"level":"info","message":"Executing Step : Navigate to Add New User Page"}
{"level":"info","message":"Test Case Completed : Create User - Navigate to Add New User Page Status : passed"}
{"level":"info","message":"Test Case Started : Verify Elements Page"}
{"level":"info","message":"Test Case Completed : getUsers Status : failed"}
{"level":"info","message":"Test Case Started : @API getUsersToken"}
{"level":"info","message":"Test Case Completed : @API getUsersToken Status : failed"}
{"level":"info","message":"Test Case Started : Generate and verify HAR file for Login Page."}
{"level":"info","message":"Test Case Completed : Verify Elements Page. Status : timedOut"}
{"level":"info","message":"Test Case Started : Verify Interactions Page"}
{"level":"info","message":"Test Case Completed : Verify Alerts, Frame & Windows Page Status : timedOut"}
{"level":"info","message":"Test Case Started : Verify Baby Outlet Login"}
{"level":"info","message":"Executing Step : Navigate to web-admin  Login page"}
{"level":"info","message":"Executing Step : Verify web-admin logo is displayed"}
{"level":"info","message":"Executing Step : Enter valid username"}
{"level":"info","message":"Executing Step : Enter valid password"}
{"level":"info","message":"Executing Step : Click on Login button"}
{"level":"info","message":"Executing Step : Verify user is successfully logged in"}
{"level":"info","message":"Test Case Completed : Verify Baby Outlet Login Status : passed"}
{"level":"info","message":"Test Case Started : Verify the text contents of PDF file."}
{"level":"info","message":"Test Case Completed : Verify the text contents of PDF file. Status : passed"}
{"level":"info","message":"Test Case Started : Verify Widgets Page"}
{"level":"info","message":"Test Case Completed : Verify Elements Page Status : timedOut"}
{"level":"info","message":"Test Case Completed : Verify Widgets Page Status : interrupted"}
{"level":"info","message":"Test Case Completed : Verify Interactions Page Status : interrupted"}
{"level":"info","message":"Test Case Completed : Generate and verify HAR file for Login Page. Status : interrupted"}
{"level":"info","message":"Test Case Started : postUsers"}
{"level":"info","message":"Test Case Started : getUsers"}
{"level":"info","message":"Test Case Started : test"}
{"level":"info","message":"Test Case Completed : getUsers Status : failed"}
{"level":"info","message":"Test Case Completed : postUsers Status : failed"}
{"level":"info","message":"Test Case Started : Verify Page Accessibility"}
{"level":"info","message":"Test Case Completed : test Status : passed"}
{"level":"info","message":"Test Case Started : @API getUsersToken"}
{"level":"info","message":"Test Case Started : Verify Elements Page."}
{"level":"info","message":"Test Case Started : Connect to Postgres DB"}
{"level":"info","message":"Test Case Completed : Connect to Postgres DB Status : failed"}
{"level":"info","message":"Test Case Completed : @API getUsersToken Status : failed"}
{"level":"info","message":"Test Case Completed : Verify Page Accessibility Status : failed"}
{"level":"info","message":"Test Case Started : Verify Alerts, Frame & Windows Page"}
{"level":"info","message":"Test Case Started : Create User - Navigate to Add New User Page"}
{"level":"info","message":"Executing Step : Navigate to Login Page"}
{"level":"info","message":"Test Case Started : Verify Elements Page"}
{"level":"info","message":"Executing Step : Login to system"}
{"level":"info","message":"Executing Step : Navigate to Add New User Page"}
{"level":"info","message":"Test Case Completed : Create User - Navigate to Add New User Page Status : timedOut"}
{"level":"info","message":"Test Case Started : Generate and verify HAR file for Login Page."}
{"level":"info","message":"Test Case Completed : Verify Elements Page. Status : timedOut"}
{"level":"info","message":"Test Case Started : Verify Interactions Page"}
{"level":"info","message":"Test Case Completed : Verify Alerts, Frame & Windows Page Status : timedOut"}
{"level":"info","message":"Test Case Completed : Verify Elements Page Status : timedOut"}
{"level":"info","message":"Test Case Started : Verify Baby Outlet Login"}
{"level":"info","message":"Executing Step : Navigate to web-admin  Login page"}
{"level":"info","message":"Test Case Started : Verify the text contents of PDF file."}
{"level":"info","message":"Executing Step : Verify web-admin logo is displayed"}
{"level":"info","message":"Executing Step : Enter valid username"}
{"level":"info","message":"Executing Step : Enter valid password"}
{"level":"info","message":"Executing Step : Click on Login button"}
{"level":"info","message":"Executing Step : Verify user is successfully logged in"}
{"level":"info","message":"Test Case Completed : Verify the text contents of PDF file. Status : passed"}
{"level":"info","message":"Test Case Started : Verify Widgets Page"}
{"level":"info","message":"Test Case Completed : Verify Baby Outlet Login Status : passed"}
{"level":"info","message":"Test Case Started : Verify Elements Page."}
{"level":"info","message":"Test Case Completed : Verify Elements Page. Status : passed"}
{"level":"info","message":"Test Case Completed : Generate and verify HAR file for Login Page. Status : timedOut"}
{"level":"info","message":"Test Case Completed : Verify Interactions Page Status : timedOut"}
{"level":"info","message":"Test Case Completed : Verify Widgets Page Status : timedOut"}
{"level":"info","message":"Test Case Started : getUsers"}
{"level":"info","message":"Test Case Completed : getUsers Status : failed"}
{"level":"info","message":"Test Case Started : getUsers"}
{"level":"info","message":"Test Case Started : postUsers"}
{"level":"info","message":"Test Case Started : test"}
{"level":"info","message":"Test Case Completed : getUsers Status : failed"}
{"level":"info","message":"Test Case Completed : postUsers Status : failed"}
{"level":"info","message":"Test Case Started : Verify Page Accessibility"}
{"level":"info","message":"Test Case Started : Connect to Postgres DB"}
{"level":"info","message":"Test Case Completed : Connect to Postgres DB Status : failed"}
{"level":"info","message":"Test Case Completed : test Status : passed"}
{"level":"info","message":"Test Case Started : Verify Elements Page."}
{"level":"info","message":"Test Case Started : Create User - Navigate to Add New User Page"}
{"level":"info","message":"Executing Step : Navigate to Login Page"}
{"level":"info","message":"Test Case Started : Verify Alerts, Frame & Windows Page"}
{"level":"info","message":"Executing Step : Login to system"}
{"level":"info","message":"Executing Step : Navigate to Add New User Page"}
{"level":"info","message":"Test Case Completed : Verify Page Accessibility Status : failed"}
{"level":"info","message":"Test Case Started : Verify Elements Page"}
{"level":"info","message":"Test Case Completed : Create User - Navigate to Add New User Page Status : passed"}
{"level":"info","message":"Test Case Started : Generate and verify HAR file for Login Page."}
{"level":"info","message":"Test Case Completed : Verify Elements Page. Status : timedOut"}
{"level":"info","message":"Test Case Completed : Verify Alerts, Frame & Windows Page Status : timedOut"}
{"level":"info","message":"Test Case Started : Verify Interactions Page"}
{"level":"info","message":"Test Case Started : Verify Baby Outlet Login"}
{"level":"info","message":"Executing Step : Navigate to web-admin  Login page"}
{"level":"info","message":"Executing Step : Verify web-admin logo is displayed"}
{"level":"info","message":"Executing Step : Enter valid username"}
{"level":"info","message":"Executing Step : Enter valid password"}
{"level":"info","message":"Executing Step : Click on Login button"}
{"level":"info","message":"Executing Step : Verify user is successfully logged in"}
{"level":"info","message":"Test Case Completed : Verify Baby Outlet Login Status : passed"}
{"level":"info","message":"Test Case Started : Verify the text contents of PDF file."}
{"level":"info","message":"Test Case Completed : Verify the text contents of PDF file. Status : passed"}
{"level":"info","message":"Test Case Started : Verify Widgets Page"}
{"level":"info","message":"Test Case Completed : Verify Elements Page Status : timedOut"}
{"level":"info","message":"Test Case Started : Verify Elements Page."}
{"level":"info","message":"Test Case Completed : Generate and verify HAR file for Login Page. Status : timedOut"}
{"level":"info","message":"Test Case Completed : Verify Elements Page. Status : passed"}
{"level":"info","message":"Test Case Completed : Verify Interactions Page Status : timedOut"}
{"level":"info","message":"Test Case Completed : Verify Widgets Page Status : timedOut"}
{"level":"info","message":"Test Case Started : Create User - Navigate to Add New User Page"}
{"level":"info","message":"Executing Step : Navigate to Login Page"}
{"level":"info","message":"Executing Step : Login to system"}
{"level":"info","message":"Executing Step : Navigate to Add New User Page"}
{"level":"info","message":"Test Case Completed : Create User - Navigate to Add New User Page Status : timedOut"}
{"level":"info","message":"Test Case Started : Verify Page Accessibility"}
{"level":"info","message":"Test Case Completed : Verify Page Accessibility Status : failed"}
{"level":"info","message":"Test Case Started : getUsers"}
{"level":"info","message":"Test Case Completed : getUsers Status : failed"}
{"level":"info","message":"Test Case Started : postUsers"}
{"level":"info","message":"Test Case Completed : postUsers Status : failed"}
{"level":"info","message":"Test Case Started : Connect to Postgres DB"}
{"level":"info","message":"Test Case Completed : Connect to Postgres DB Status : failed"}
{"level":"info","message":"Test Case Started : Verify Elements Page."}
{"level":"info","message":"Test Case Completed : Verify Elements Page. Status : failed"}
{"level":"info","message":"Test Case Started : Verify Alerts, Frame & Windows Page"}
{"level":"info","message":"Test Case Completed : Verify Alerts, Frame & Windows Page Status : failed"}
{"level":"info","message":"Test Case Started : Create User - Navigate to Add New User Page"}
{"level":"info","message":"Executing Step : Navigate to Login Page"}
{"level":"info","message":"Executing Step : Login to system"}
{"level":"info","message":"Executing Step : Navigate to Add New User Page"}
{"level":"info","message":"Test Case Completed : Create User - Navigate to Add New User Page Status : failed"}
{"level":"info","message":"Test Case Started : Verify Elements Page"}
{"level":"info","message":"Test Case Completed : Verify Elements Page Status : failed"}
{"level":"info","message":"Test Case Started : Generate and verify HAR file for Login Page."}
{"level":"info","message":"Test Case Completed : Generate and verify HAR file for Login Page. Status : failed"}
{"level":"info","message":"Test Case Started : Verify Interactions Page"}
{"level":"info","message":"Test Case Completed : Verify Interactions Page Status : failed"}
{"level":"info","message":"Test Case Started : Verify Baby Outlet Login"}
{"level":"info","message":"Test Case Completed : Verify Baby Outlet Login Status : failed"}
{"level":"info","message":"Test Case Started : Verify the text contents of PDF file."}
{"level":"info","message":"Test Case Completed : Verify the text contents of PDF file. Status : failed"}
{"level":"info","message":"Test Case Started : Verify Widgets Page"}
{"level":"info","message":"Test Case Completed : Verify Widgets Page Status : failed"}
{"level":"info","message":"Test Case Started : Verify Elements Page."}
{"level":"info","message":"Test Case Completed : Verify Elements Page. Status : failed"}
{"level":"info","message":"Test Case Started : test"}
{"level":"info","message":"Test Case Completed : test Status : passed"}
{"level":"error","message":"Error: Error: tests\\devices\\Emulation.test.ts:3:5: Test has unknown parameter \"elementsPage\"."}
{"level":"error","message":"Error: Error: tests\\devices\\Emulation.test.ts:3:5: Test has unknown parameter \"elementsPage\"."}
{"level":"error","message":"Error: Error: tests\\devices\\Emulation.test.ts:3:5: Test has unknown parameter \"elementsPage\"."}
{"level":"error","message":"Error: Error: tests\\devices\\Emulation.test.ts:3:5: Test has unknown parameter \"elementsPage\"."}
{"level":"error","message":"Error: Error: tests\\devices\\Emulation.test.ts:3:5: Test has unknown parameter \"elementsPage\"."}
{"level":"info","message":"Test Case Started : Create User - Navigate to Add New User Page"}
{"level":"info","message":"Executing Step : Navigate to Login Page"}
{"level":"info","message":"Executing Step : Login to system"}
{"level":"info","message":"Executing Step : Navigate to Add New User Page"}
{"level":"info","message":"Test Case Completed : Create User - Navigate to Add New User Page Status : passed"}
{"level":"info","message":"Test Case Started : getUsers"}
{"level":"info","message":"Test Case Completed : getUsers Status : failed"}
{"level":"info","message":"Test Case Started : getUsers"}
{"level":"info","message":"Test Case Completed : getUsers Status : failed"}
{"level":"info","message":"Test Case Started : getUsers"}
{"level":"info","message":"Test Case Completed : getUsers Status : skipped"}
{"level":"info","message":"Test Case Started : Create User - Navigate to Add New User Page"}
{"level":"info","message":"Executing Step : Navigate to login page"}
{"level":"info","message":"Executing Step : Login to system"}
{"level":"info","message":"Test Case Completed : Create User - Navigate to Add New User Page Status : failed"}
{"level":"info","message":"Test Case Started : Create User - Navigate to Add New User Page"}
{"level":"info","message":"Executing Step : Navigate to login page"}
{"level":"info","message":"Executing Step : Login to system"}
{"level":"info","message":"Executing Step : Navigate to Add New User page"}
{"level":"info","message":"Executing Step : Fill and submit create user form"}
{"level":"info","message":"Test Case Completed : Create User - Navigate to Add New User Page Status : passed"}
{"level":"error","message":"Test has unknown parameter \"loginPage\"."}
{"level":"error","message":"Test has unknown parameter \"loginPage\"."}
{"level":"error","message":"Test has unknown parameter \"loginPage\"."}
{"level":"info","message":"Test Case Started : test"}
{"level":"info","message":"Test Case Started : getUsers"}
{"level":"info","message":"Test Case Started : postUsers"}
{"level":"info","message":"Test Case Completed : postUsers Status : skipped"}
{"level":"info","message":"Test Case Completed : getUsers Status : skipped"}
{"level":"info","message":"Test Case Started : Verify Elements Page."}
{"level":"info","message":"Test Case Completed : Verify Elements Page. Status : skipped"}
{"level":"info","message":"Test Case Started : Connect to Postgres DB"}
{"level":"info","message":"Test Case Completed : Connect to Postgres DB Status : failed"}
{"level":"info","message":"Test Case Started : Verify Page Accessibility"}
{"level":"info","message":"Test Case Started : Create User - Navigate to Add New User Page"}
{"level":"info","message":"Test Case Started : Verify web-admin Login @Smoke"}
{"level":"info","message":"Executing Step : Navigate to login page"}
{"level":"info","message":"Executing Step : Navigate to web-admin login page"}
{"level":"info","message":"Test Case Completed : test Status : passed"}
{"level":"info","message":"Test Case Started : Verify Elements Page."}
{"level":"info","message":"Executing Step : Verify login page is displayed"}
{"level":"info","message":"Executing Step : Enter valid username"}
{"level":"info","message":"Executing Step : Enter valid password"}
{"level":"info","message":"Executing Step : Click on login button"}
{"level":"info","message":"Executing Step : Login to system"}
{"level":"info","message":"Executing Step : Verify user is successfully logged in"}
{"level":"info","message":"Test Case Completed : Verify Elements Page. Status : passed"}
{"level":"info","message":"Test Case Completed : Verify Page Accessibility Status : failed"}
{"level":"info","message":"Executing Step : Navigate to Add New User page"}
{"level":"info","message":"Executing Step : Fill and submit create user form"}
{"level":"info","message":"Test Case Completed : Create User - Navigate to Add New User Page Status : passed"}
{"level":"info","message":"Test Case Completed : Verify web-admin Login @Smoke Status : failed"}
{"level":"info","message":"Test Case Started : postUsers"}
{"level":"info","message":"Test Case Started : getUsers"}
{"level":"info","message":"Test Case Started : test"}
{"level":"info","message":"Test Case Completed : getUsers Status : skipped"}
{"level":"info","message":"Test Case Completed : postUsers Status : skipped"}
{"level":"info","message":"Test Case Started : Verify Elements Page."}
{"level":"info","message":"Test Case Completed : Verify Elements Page. Status : skipped"}
{"level":"info","message":"Test Case Started : Connect to Postgres DB"}
{"level":"info","message":"Test Case Completed : Connect to Postgres DB Status : failed"}
{"level":"info","message":"Test Case Started : Verify Page Accessibility"}
{"level":"info","message":"Test Case Started : Create User - Navigate to Add New User Page"}
{"level":"info","message":"Test Case Completed : test Status : passed"}
{"level":"info","message":"Executing Step : Navigate to login page"}
{"level":"info","message":"Test Case Started : Verify Elements Page."}
{"level":"info","message":"Test Case Started : Verify web-admin Login @Smoke"}
{"level":"info","message":"Executing Step : Navigate to web-admin login page"}
{"level":"info","message":"Executing Step : Login to system"}
{"level":"info","message":"Executing Step : Verify login page is displayed"}
{"level":"info","message":"Executing Step : Enter valid username"}
{"level":"info","message":"Executing Step : Enter valid password"}
{"level":"info","message":"Executing Step : Click on login button"}
{"level":"info","message":"Executing Step : Verify user is successfully logged in"}
{"level":"info","message":"Test Case Completed : Verify Elements Page. Status : passed"}
{"level":"info","message":"Executing Step : Navigate to Add New User page"}
{"level":"info","message":"Test Case Completed : Verify Page Accessibility Status : failed"}
{"level":"info","message":"Test Case Completed : Verify web-admin Login @Smoke Status : passed"}
{"level":"info","message":"Test Case Completed : Create User - Navigate to Add New User Page Status : timedOut"}
{"level":"info","message":"Test Case Started : test"}
{"level":"info","message":"Test Case Started : getUsers"}
{"level":"info","message":"Test Case Started : postUsers"}
{"level":"info","message":"Test Case Completed : getUsers Status : skipped"}
{"level":"info","message":"Test Case Completed : postUsers Status : skipped"}
{"level":"info","message":"Test Case Started : Verify Elements Page."}
{"level":"info","message":"Test Case Completed : Verify Elements Page. Status : skipped"}
{"level":"info","message":"Test Case Started : Connect to Postgres DB"}
{"level":"info","message":"Test Case Completed : Connect to Postgres DB Status : failed"}
{"level":"info","message":"Test Case Started : Verify Page Accessibility"}
{"level":"info","message":"Test Case Started : Create User - Navigate to Add New User Page"}
{"level":"info","message":"Executing Step : Navigate to login page"}
{"level":"info","message":"Test Case Completed : test Status : passed"}
{"level":"info","message":"Test Case Started : Verify web-admin Login @Smoke"}
{"level":"info","message":"Test Case Started : Verify Elements Page."}
{"level":"info","message":"Executing Step : Navigate to web-admin login page"}
{"level":"info","message":"Executing Step : Verify login page is displayed"}
{"level":"info","message":"Executing Step : Enter valid username"}
{"level":"info","message":"Executing Step : Login to system"}
{"level":"info","message":"Executing Step : Enter valid password"}
{"level":"info","message":"Executing Step : Click on login button"}
{"level":"info","message":"Executing Step : Verify user is successfully logged in"}
{"level":"info","message":"Test Case Completed : Verify Elements Page. Status : passed"}
{"level":"info","message":"Test Case Completed : Verify Page Accessibility Status : passed"}
{"level":"info","message":"Executing Step : Navigate to Add New User page"}
{"level":"info","message":"Executing Step : Fill and submit create user form"}
{"level":"info","message":"Test Case Completed : Create User - Navigate to Add New User Page Status : passed"}
{"level":"info","message":"Test Case Completed : Verify web-admin Login @Smoke Status : failed"}
{"level":"info","message":"Test Case Started : test"}
{"level":"info","message":"Test Case Started : getUsers"}
{"level":"info","message":"Test Case Started : postUsers"}
{"level":"info","message":"Test Case Completed : getUsers Status : skipped"}
{"level":"info","message":"Test Case Completed : postUsers Status : skipped"}
{"level":"info","message":"Test Case Started : Verify Elements Page."}
{"level":"info","message":"Test Case Completed : Verify Elements Page. Status : skipped"}
{"level":"info","message":"Test Case Started : Connect to Postgres DB"}
{"level":"info","message":"Test Case Completed : Connect to Postgres DB Status : failed"}
{"level":"info","message":"Test Case Started : Verify Page Accessibility"}
{"level":"info","message":"Test Case Started : Create User - Navigate to Add New User Page"}
{"level":"info","message":"Test Case Completed : test Status : passed"}
{"level":"info","message":"Executing Step : Navigate to login page"}
{"level":"info","message":"Test Case Started : Verify Elements Page."}
{"level":"info","message":"Test Case Started : Verify web-admin Login @Smoke"}
{"level":"info","message":"Executing Step : Login to system"}
{"level":"info","message":"Test Case Completed : Verify Elements Page. Status : passed"}
{"level":"info","message":"Executing Step : Navigate to web-admin login page"}
{"level":"info","message":"Executing Step : Verify login page is displayed"}
{"level":"info","message":"Executing Step : Enter valid username"}
{"level":"info","message":"Executing Step : Enter valid password"}
{"level":"info","message":"Executing Step : Click on login button"}
{"level":"info","message":"Test Case Completed : Verify Page Accessibility Status : passed"}
{"level":"info","message":"Executing Step : Verify user is successfully logged in"}
{"level":"info","message":"Executing Step : Navigate to Add New User page"}
{"level":"info","message":"Test Case Completed : Verify web-admin Login @Smoke Status : passed"}
{"level":"info","message":"Test Case Completed : Create User - Navigate to Add New User Page Status : timedOut"}
{"level":"info","message":"Test Case Started : postUsers"}
{"level":"info","message":"Test Case Started : test"}
{"level":"info","message":"Test Case Started : getUsers"}
{"level":"info","message":"Test Case Completed : postUsers Status : skipped"}
{"level":"info","message":"Test Case Completed : getUsers Status : skipped"}
{"level":"info","message":"Test Case Started : Connect to Postgres DB"}
{"level":"info","message":"Test Case Started : Verify Elements Page."}
{"level":"info","message":"Test Case Completed : Verify Elements Page. Status : skipped"}
{"level":"info","message":"Test Case Completed : Connect to Postgres DB Status : failed"}
{"level":"info","message":"Test Case Started : Verify Page Accessibility"}
{"level":"info","message":"Test Case Started : Create User - Navigate to Add New User Page"}
{"level":"info","message":"Test Case Completed : test Status : passed"}
{"level":"info","message":"Executing Step : Navigate to login page"}
{"level":"info","message":"Test Case Started : Verify Elements Page."}
{"level":"info","message":"Test Case Started : Verify web-admin Login @Smoke"}
{"level":"info","message":"Executing Step : Navigate to web-admin login page"}
{"level":"info","message":"Executing Step : Login to system"}
{"level":"info","message":"Test Case Completed : Verify Elements Page. Status : passed"}
{"level":"info","message":"Executing Step : Verify login page is displayed"}
{"level":"info","message":"Executing Step : Enter valid username"}
{"level":"info","message":"Test Case Completed : Verify Page Accessibility Status : passed"}
{"level":"info","message":"Executing Step : Enter valid password"}
{"level":"info","message":"Executing Step : Click on login button"}
{"level":"info","message":"Executing Step : Verify user is successfully logged in"}
{"level":"info","message":"Executing Step : Navigate to Add New User page"}
{"level":"info","message":"Test Case Completed : Verify web-admin Login @Smoke Status : passed"}
{"level":"info","message":"Test Case Completed : Create User - Navigate to Add New User Page Status : timedOut"}
{"level":"info","message":"Test Case Started : test"}
{"level":"info","message":"Test Case Started : postUsers"}
{"level":"info","message":"Test Case Started : getUsers"}
{"level":"info","message":"Test Case Completed : postUsers Status : skipped"}
{"level":"info","message":"Test Case Completed : getUsers Status : skipped"}
{"level":"info","message":"Test Case Started : Connect to Postgres DB"}
{"level":"info","message":"Test Case Started : Verify Elements Page."}
{"level":"info","message":"Test Case Completed : Verify Elements Page. Status : skipped"}
{"level":"info","message":"Test Case Completed : Connect to Postgres DB Status : failed"}
{"level":"info","message":"Test Case Started : Verify Page Accessibility"}
{"level":"info","message":"Test Case Started : Create User - Navigate to Add New User Page"}
{"level":"info","message":"Test Case Completed : test Status : passed"}
{"level":"info","message":"Executing Step : Navigate to login page"}
{"level":"info","message":"Test Case Started : Verify Elements Page."}
{"level":"info","message":"Test Case Started : Verify web-admin Login @Smoke"}
{"level":"info","message":"Test Case Completed : Create User - Navigate to Add New User Page Status : failed"}
{"level":"info","message":"Executing Step : Navigate to web-admin login page"}
{"level":"info","message":"Executing Step : Verify login page is displayed"}
{"level":"info","message":"Executing Step : Enter valid username"}
{"level":"info","message":"Executing Step : Enter valid password"}
{"level":"info","message":"Executing Step : Click on login button"}
{"level":"info","message":"Test Case Completed : Verify Elements Page. Status : passed"}
{"level":"info","message":"Executing Step : Verify user is successfully logged in"}
{"level":"info","message":"Test Case Completed : Verify Page Accessibility Status : passed"}
{"level":"info","message":"Test Case Completed : Verify web-admin Login @Smoke Status : passed"}
{"level":"info","message":"Test Case Started : test"}
{"level":"info","message":"Test Case Started : postUsers"}
{"level":"info","message":"Test Case Completed : postUsers Status : skipped"}
{"level":"info","message":"Test Case Started : getUsers"}
{"level":"info","message":"Test Case Started : Connect to Postgres DB"}
{"level":"info","message":"Test Case Completed : getUsers Status : skipped"}
{"level":"info","message":"Test Case Started : Verify Elements Page."}
{"level":"info","message":"Test Case Completed : Verify Elements Page. Status : skipped"}
{"level":"info","message":"Test Case Completed : Connect to Postgres DB Status : failed"}
{"level":"info","message":"Test Case Started : Verify Page Accessibility"}
{"level":"info","message":"Test Case Started : Create User - Navigate to Add New User Page"}
{"level":"info","message":"Executing Step : Navigate to login page"}
{"level":"info","message":"Test Case Completed : test Status : passed"}
{"level":"info","message":"Test Case Completed : Create User - Navigate to Add New User Page Status : failed"}
{"level":"info","message":"Test Case Started : Verify web-admin Login @Smoke"}
{"level":"info","message":"Test Case Started : Verify Elements Page."}
{"level":"info","message":"Executing Step : Navigate to web-admin login page"}
{"level":"info","message":"Test Case Completed : Verify Page Accessibility Status : passed"}
{"level":"info","message":"Executing Step : Verify login page is displayed"}
{"level":"info","message":"Test Case Completed : Verify Elements Page. Status : passed"}
{"level":"info","message":"Executing Step : Enter valid username"}
{"level":"info","message":"Executing Step : Enter valid password"}
{"level":"info","message":"Executing Step : Click on login button"}
{"level":"info","message":"Executing Step : Verify user is successfully logged in"}
{"level":"info","message":"Test Case Completed : Verify web-admin Login @Smoke Status : passed"}
{"level":"info","message":"Test Case Started : postUsers"}
{"level":"info","message":"Test Case Started : test"}
{"level":"info","message":"Test Case Completed : postUsers Status : skipped"}
{"level":"info","message":"Test Case Started : getUsers"}
{"level":"info","message":"Test Case Started : Connect to Postgres DB"}
{"level":"info","message":"Test Case Completed : getUsers Status : skipped"}
{"level":"info","message":"Test Case Started : Verify Elements Page."}
{"level":"info","message":"Test Case Completed : Verify Elements Page. Status : skipped"}
{"level":"info","message":"Test Case Completed : Connect to Postgres DB Status : failed"}
{"level":"info","message":"Test Case Started : Verify Page Accessibility"}
{"level":"info","message":"Test Case Started : Create User - Navigate to Add New User Page"}
{"level":"info","message":"Test Case Completed : test Status : passed"}
{"level":"info","message":"Executing Step : Navigate to login page"}
{"level":"info","message":"Test Case Started : Verify Elements Page."}
{"level":"info","message":"Test Case Completed : Create User - Navigate to Add New User Page Status : failed"}
{"level":"info","message":"Test Case Started : Verify web-admin Login @Smoke"}
{"level":"info","message":"Executing Step : Navigate to web-admin login page"}
{"level":"info","message":"Test Case Completed : Verify Elements Page. Status : passed"}
{"level":"info","message":"Test Case Completed : Verify Page Accessibility Status : passed"}
{"level":"info","message":"Executing Step : Verify login page is displayed"}
{"level":"info","message":"Executing Step : Enter valid username"}
{"level":"info","message":"Executing Step : Enter valid password"}
{"level":"info","message":"Executing Step : Click on login button"}
{"level":"info","message":"Executing Step : Verify user is successfully logged in"}
{"level":"info","message":"Test Case Completed : Verify web-admin Login @Smoke Status : passed"}
{"level":"info","message":"Test Case Started : getUsers"}
{"level":"info","message":"Test Case Started : test"}
{"level":"info","message":"Test Case Started : postUsers"}
{"level":"info","message":"Test Case Completed : getUsers Status : skipped"}
{"level":"info","message":"Test Case Started : Connect to Postgres DB"}
{"level":"info","message":"Test Case Completed : postUsers Status : skipped"}
{"level":"info","message":"Test Case Started : Verify Elements Page."}
{"level":"info","message":"Test Case Completed : Verify Elements Page. Status : skipped"}
{"level":"info","message":"Test Case Completed : Connect to Postgres DB Status : failed"}
{"level":"info","message":"Test Case Started : Verify Page Accessibility"}
{"level":"info","message":"Test Case Started : Create User - Navigate to Add New User Page"}
{"level":"info","message":"Executing Step : Login to system"}
{"level":"info","message":"Test Case Completed : test Status : passed"}
{"level":"info","message":"Test Case Completed : Create User - Navigate to Add New User Page Status : failed"}
{"level":"info","message":"Test Case Started : Verify Elements Page."}
{"level":"info","message":"Test Case Started : Verify web-admin Login @Smoke"}
{"level":"info","message":"Executing Step : Navigate to web-admin login page"}
{"level":"info","message":"Executing Step : Verify login page is displayed"}
{"level":"info","message":"Executing Step : Enter valid username"}
{"level":"info","message":"Executing Step : Enter valid password"}
{"level":"info","message":"Executing Step : Click on login button"}
{"level":"info","message":"Executing Step : Verify user is successfully logged in"}
{"level":"info","message":"Test Case Completed : Verify Elements Page. Status : passed"}
{"level":"info","message":"Test Case Completed : Verify Page Accessibility Status : passed"}
{"level":"info","message":"Test Case Completed : Verify web-admin Login @Smoke Status : passed"}
{"level":"info","message":"Test Case Started : postUsers"}
{"level":"info","message":"Test Case Started : test"}
{"level":"info","message":"Test Case Started : getUsers"}
{"level":"info","message":"Test Case Completed : postUsers Status : skipped"}
{"level":"info","message":"Test Case Completed : getUsers Status : skipped"}
{"level":"info","message":"Test Case Started : Connect to Postgres DB"}
{"level":"info","message":"Test Case Started : Verify Elements Page."}
{"level":"info","message":"Test Case Completed : Verify Elements Page. Status : skipped"}
{"level":"info","message":"Test Case Completed : Connect to Postgres DB Status : failed"}
{"level":"info","message":"Test Case Started : Verify Page Accessibility"}
{"level":"info","message":"Test Case Started : Create User - Navigate to Add New User Page"}
{"level":"info","message":"Executing Step : Navigate to login page"}
{"level":"info","message":"Test Case Completed : test Status : passed"}
{"level":"info","message":"Test Case Completed : Create User - Navigate to Add New User Page Status : failed"}
{"level":"info","message":"Test Case Started : Verify Elements Page."}
{"level":"info","message":"Test Case Started : Verify web-admin Login @Smoke"}
{"level":"info","message":"Executing Step : Navigate to web-admin login page"}
{"level":"info","message":"Test Case Completed : Verify Page Accessibility Status : passed"}
{"level":"info","message":"Test Case Completed : Verify Elements Page. Status : passed"}
{"level":"info","message":"Executing Step : Verify login page is displayed"}
{"level":"info","message":"Executing Step : Enter valid username"}
{"level":"info","message":"Executing Step : Enter valid password"}
{"level":"info","message":"Executing Step : Click on login button"}
{"level":"info","message":"Executing Step : Verify user is successfully logged in"}
{"level":"info","message":"Test Case Completed : Verify web-admin Login @Smoke Status : passed"}
{"level":"info","message":"Test Case Started : test"}
{"level":"info","message":"Test Case Started : postUsers"}
{"level":"info","message":"Test Case Started : getUsers"}
{"level":"info","message":"Test Case Completed : postUsers Status : skipped"}
{"level":"info","message":"Test Case Started : Connect to Postgres DB"}
{"level":"info","message":"Test Case Completed : getUsers Status : skipped"}
{"level":"info","message":"Test Case Started : Verify Elements Page."}
{"level":"info","message":"Test Case Completed : Verify Elements Page. Status : skipped"}
{"level":"info","message":"Test Case Completed : Connect to Postgres DB Status : failed"}
{"level":"info","message":"Test Case Started : Verify Page Accessibility"}
{"level":"info","message":"Test Case Started : Create User - Navigate to Add New User Page"}
{"level":"info","message":"Executing Step : Navigate to login page"}
{"level":"info","message":"Test Case Completed : test Status : passed"}
{"level":"info","message":"Test Case Completed : Create User - Navigate to Add New User Page Status : failed"}
{"level":"info","message":"Test Case Started : Verify Elements Page."}
{"level":"info","message":"Test Case Started : Verify web-admin Login @Smoke"}
{"level":"info","message":"Executing Step : Navigate to web-admin login page"}
{"level":"info","message":"Test Case Completed : Verify Elements Page. Status : passed"}
{"level":"info","message":"Test Case Completed : Verify Page Accessibility Status : passed"}
{"level":"info","message":"Executing Step : Verify login page is displayed"}
{"level":"info","message":"Executing Step : Enter valid username"}
{"level":"info","message":"Executing Step : Enter valid password"}
{"level":"info","message":"Executing Step : Click on login button"}
{"level":"info","message":"Executing Step : Verify user is successfully logged in"}
{"level":"info","message":"Test Case Completed : Verify web-admin Login @Smoke Status : passed"}
{"level":"info","message":"Test Case Started : getUsers"}
{"level":"info","message":"Test Case Started : test"}
{"level":"info","message":"Test Case Started : postUsers"}
{"level":"info","message":"Test Case Completed : getUsers Status : skipped"}
{"level":"info","message":"Test Case Started : Connect to Postgres DB"}
{"level":"info","message":"Test Case Completed : postUsers Status : skipped"}
{"level":"info","message":"Test Case Started : Verify Elements Page."}
{"level":"info","message":"Test Case Completed : Verify Elements Page. Status : skipped"}
{"level":"info","message":"Test Case Completed : Connect to Postgres DB Status : failed"}
{"level":"info","message":"Test Case Started : Verify Page Accessibility"}
{"level":"info","message":"Test Case Started : Create User - Navigate to Add New User Page"}
{"level":"info","message":"Test Case Completed : test Status : passed"}
{"level":"info","message":"Test Case Completed : Create User - Navigate to Add New User Page Status : failed"}
{"level":"info","message":"Test Case Started : Verify Elements Page."}
{"level":"info","message":"Test Case Started : Verify web-admin Login @Smoke"}
{"level":"info","message":"Executing Step : Navigate to web-admin login page"}
{"level":"info","message":"Test Case Completed : Verify Elements Page. Status : passed"}
{"level":"info","message":"Executing Step : Verify login page is displayed"}
{"level":"info","message":"Executing Step : Enter valid username"}
{"level":"info","message":"Test Case Completed : Verify Page Accessibility Status : passed"}
{"level":"info","message":"Executing Step : Enter valid password"}
{"level":"info","message":"Executing Step : Click on login button"}
{"level":"info","message":"Executing Step : Verify user is successfully logged in"}
{"level":"info","message":"Test Case Completed : Verify web-admin Login @Smoke Status : passed"}
{"level":"info","message":"Test Case Started : test"}
{"level":"info","message":"Test Case Started : getUsers"}
{"level":"info","message":"Test Case Started : postUsers"}
{"level":"info","message":"Test Case Completed : getUsers Status : skipped"}
{"level":"info","message":"Test Case Completed : postUsers Status : skipped"}
{"level":"info","message":"Test Case Started : Verify Elements Page."}
{"level":"info","message":"Test Case Completed : Verify Elements Page. Status : skipped"}
{"level":"info","message":"Test Case Started : Connect to Postgres DB"}
{"level":"info","message":"Test Case Completed : Connect to Postgres DB Status : failed"}
{"level":"info","message":"Test Case Started : Verify Page Accessibility"}
{"level":"info","message":"Test Case Started : Create User - Navigate to Add New User Page"}
{"level":"info","message":"Test Case Completed : test Status : passed"}
{"level":"info","message":"Test Case Started : Verify Elements Page."}
{"level":"info","message":"Test Case Completed : Create User - Navigate to Add New User Page Status : failed"}
{"level":"info","message":"Test Case Started : Verify web-admin Login @Smoke"}
{"level":"info","message":"Executing Step : Navigate to web-admin login page"}
{"level":"info","message":"Executing Step : Verify login page is displayed"}
{"level":"info","message":"Executing Step : Enter valid username"}
{"level":"info","message":"Executing Step : Enter valid password"}
{"level":"info","message":"Executing Step : Click on login button"}
{"level":"info","message":"Test Case Completed : Verify Elements Page. Status : passed"}
{"level":"info","message":"Executing Step : Verify user is successfully logged in"}
{"level":"info","message":"Test Case Completed : Verify Page Accessibility Status : passed"}
{"level":"info","message":"Test Case Completed : Verify web-admin Login @Smoke Status : passed"}
{"level":"info","message":"Test Case Started : Verify web-admin Login @Smoke"}
{"level":"info","message":"Executing Step : Navigate to web-admin login page"}
{"level":"info","message":"Executing Step : Verify login page is displayed"}
{"level":"info","message":"Executing Step : Enter valid username"}
{"level":"info","message":"Executing Step : Enter valid password"}
{"level":"info","message":"Executing Step : Click on login button"}
{"level":"info","message":"Executing Step : Verify user is successfully logged in"}
{"level":"info","message":"Test Case Completed : Verify web-admin Login @Smoke Status : passed"}
{"level":"info","message":"Test Case Started : Create User - Navigate to Add New User Page"}
{"level":"info","message":"Test Case Completed : Create User - Navigate to Add New User Page Status : failed"}
{"level":"info","message":"Test Case Started : Create User - Navigate to Add New User Page"}
{"level":"info","message":"Test Case Completed : Create User - Navigate to Add New User Page Status : failed"}
{"level":"error","message":"Error: No tests found.\nMake sure that arguments are regular expressions matching test files.\nYou may need to escape symbols like \"$\" or \"*\" and quote the arguments."}
{"level":"error","message":"Error: Cannot find module '../pages/CreateUserPage'\nRequire stack:\n- C:\\Users\\Song Koev\\OneDrive\\Desktop\\Playwrite\\playwright-typescript-playwright-test\\lib\\BaseTest.ts\n- C:\\Users\\Song Koev\\OneDrive\\Desktop\\Playwrite\\playwright-typescript-playwright-test\\tests\\functional\\CreateUser.test.ts\n- C:\\Users\\Song Koev\\OneDrive\\Desktop\\Playwrite\\playwright-typescript-playwright-test\\node_modules\\playwright\\lib\\transform\\transform.js\n- C:\\Users\\Song Koev\\OneDrive\\Desktop\\Playwrite\\playwright-typescript-playwright-test\\node_modules\\playwright\\lib\\common\\configLoader.js\n- C:\\Users\\Song Koev\\OneDrive\\Desktop\\Playwrite\\playwright-typescript-playwright-test\\node_modules\\playwright\\lib\\testActions.js\n- C:\\Users\\Song Koev\\OneDrive\\Desktop\\Playwrite\\playwright-typescript-playwright-test\\node_modules\\playwright\\lib\\program.js\n- C:\\Users\\Song Koev\\OneDrive\\Desktop\\Playwrite\\playwright-typescript-playwright-test\\node_modules\\@playwright\\test\\cli.js"}
{"level":"error","message":"Error: No tests found.\nMake sure that arguments are regular expressions matching test files.\nYou may need to escape symbols like \"$\" or \"*\" and quote the arguments."}
{"level":"info","message":"Test Case Started : Create User - Navigate to Add New User Page"}
{"level":"info","message":"Test Case Completed : Create User - Navigate to Add New User Page Status : failed"}
{"level":"info","message":"Test Case Started : Create User - Navigate to Add New User Page"}
{"level":"info","message":"Test Case Completed : Create User - Navigate to Add New User Page Status : failed"}
{"level":"info","message":"Test Case Started : Create User - Navigate to Add New User Page"}
{"level":"info","message":"Executing Step : Fill and submit create user form"}
{"level":"info","message":"Test Case Completed : Create User - Navigate to Add New User Page Status : timedOut"}
{"level":"info","message":"Test Case Started : Create User - Navigate to Add New User Page"}
{"level":"info","message":"Executing Step : Fill and submit create user form"}
{"level":"info","message":"Test Case Completed : Create User - Navigate to Add New User Page Status : timedOut"}
{"level":"info","message":"Test Case Started : Create User - Navigate to Add New User Page"}
{"level":"info","message":"Executing Step : Fill and submit create user form"}
{"level":"info","message":"Executing Step : Verify user created successfully"}
{"level":"info","message":"Test Case Completed : Create User - Navigate to Add New User Page Status : failed"}
{"level":"info","message":"Test Case Started : Create User - Navigate to Add New User Page"}
{"level":"info","message":"Executing Step : Fill and submit create user form"}
{"level":"info","message":"Executing Step : Verify user created successfully"}
{"level":"info","message":"Test Case Completed : Create User - Navigate to Add New User Page Status : passed"}
{"level":"info","message":"Test Case Started : Create User - Navigate to Add New User Page"}
{"level":"info","message":"Test Case Completed : Create User - Navigate to Add New User Page Status : failed"}
{"level":"info","message":"Test Case Started : Create User - Navigate to Add New User Page"}
{"level":"info","message":"Test Case Completed : Create User - Navigate to Add New User Page Status : failed"}
{"level":"info","message":"Test Case Started : Create User - Navigate to Add New User Page"}
{"level":"info","message":"Executing Step : Fill and submit create user form"}
{"level":"info","message":"Executing Step : Verify user created successfully"}
{"level":"info","message":"Test Case Completed : Create User - Navigate to Add New User Page Status : passed"}
{"level":"info","message":"Test Case Started : Create User - Navigate to Add New User Page"}
{"level":"info","message":"Test Case Completed : Create User - Navigate to Add New User Page Status : failed"}
{"level":"info","message":"Test Case Started : Create User - Navigate to Add New User Page"}
{"level":"info","message":"Test Case Completed : Create User - Navigate to Add New User Page Status : failed"}
{"level":"info","message":"Test Case Started : Create User - Navigate to Add New User Page"}
{"level":"info","message":"Executing Step : Fill and submit create user form"}
{"level":"info","message":"Executing Step : Verify user created successfully"}
{"level":"info","message":"Test Case Completed : Create User - Navigate to Add New User Page Status : passed"}
{"level":"info","message":"Test Case Started : test"}
{"level":"info","message":"Test Case Started : getUsers"}
{"level":"info","message":"Test Case Started : postUsers"}
{"level":"info","message":"Test Case Completed : getUsers Status : skipped"}
{"level":"info","message":"Test Case Completed : postUsers Status : skipped"}
{"level":"info","message":"Test Case Started : Verify Elements Page."}
{"level":"info","message":"Test Case Completed : Verify Elements Page. Status : skipped"}
{"level":"info","message":"Test Case Started : Connect to Postgres DB"}
{"level":"info","message":"Test Case Completed : Connect to Postgres DB Status : failed"}
{"level":"info","message":"Test Case Started : Verify Page Accessibility"}
{"level":"info","message":"Test Case Started : Create User - Navigate to Add New User Page"}
{"level":"info","message":"Test Case Started : Verify web-admin Login @Smoke"}
{"level":"info","message":"Test Case Completed : test Status : passed"}
{"level":"info","message":"Executing Step : Navigate to web-admin login page"}
{"level":"info","message":"Test Case Started : Verify Elements Page."}
{"level":"info","message":"Test Case Completed : Verify Elements Page. Status : passed"}
{"level":"info","message":"Executing Step : Verify login page is displayed"}
{"level":"info","message":"Executing Step : Enter valid username"}
{"level":"info","message":"Executing Step : Enter valid password"}
{"level":"info","message":"Executing Step : Click on login button"}
{"level":"info","message":"Executing Step : Verify user is successfully logged in"}
{"level":"info","message":"Test Case Completed : Verify Page Accessibility Status : passed"}
{"level":"info","message":"Test Case Completed : Verify web-admin Login @Smoke Status : failed"}
{"level":"info","message":"Test Case Completed : Create User - Navigate to Add New User Page Status : failed"}
{"level":"info","message":"Test Case Started : Create User - Navigate to Add New User Page"}
{"level":"info","message":"Executing Step : Fill and submit create user form"}
{"level":"info","message":"Executing Step : Verify user created successfully"}
{"level":"info","message":"Test Case Completed : Create User - Navigate to Add New User Page Status : passed"}
{"level":"info","message":"Test Case Started : getUsers"}
{"level":"info","message":"Test Case Started : test"}
{"level":"info","message":"Test Case Started : postUsers"}
{"level":"info","message":"Test Case Completed : getUsers Status : skipped"}
{"level":"info","message":"Test Case Completed : postUsers Status : skipped"}
{"level":"info","message":"Test Case Started : Verify Elements Page."}
{"level":"info","message":"Test Case Completed : Verify Elements Page. Status : skipped"}
{"level":"info","message":"Test Case Started : Connect to Postgres DB"}
{"level":"info","message":"Test Case Completed : Connect to Postgres DB Status : failed"}
{"level":"info","message":"Test Case Started : Verify Page Accessibility"}
{"level":"info","message":"Test Case Started : Create User - Navigate to Add New User Page"}
{"level":"info","message":"Test Case Completed : test Status : passed"}
{"level":"info","message":"Test Case Started : Verify web-admin Login @Smoke"}
{"level":"info","message":"Executing Step : Navigate to web-admin login page"}
{"level":"info","message":"Test Case Started : Verify Elements Page."}
{"level":"info","message":"Executing Step : Verify login page is displayed"}
{"level":"info","message":"Executing Step : Enter valid username"}
{"level":"info","message":"Executing Step : Enter valid password"}
{"level":"info","message":"Executing Step : Click on login button"}
{"level":"info","message":"Test Case Completed : Verify Elements Page. Status : passed"}
{"level":"info","message":"Executing Step : Verify user is successfully logged in"}
{"level":"info","message":"Executing Step : Fill and submit create user form"}
{"level":"info","message":"Executing Step : Verify user created successfully"}
{"level":"info","message":"Test Case Completed : Verify web-admin Login @Smoke Status : passed"}
{"level":"info","message":"Test Case Completed : Create User - Navigate to Add New User Page Status : passed"}
{"level":"info","message":"Test Case Completed : Verify Page Accessibility Status : passed"}
{"level":"info","message":"Test Case Started : Create User - Navigate to Add New User Page"}
{"level":"info","message":"Executing Step : Fill and submit create user form"}
{"level":"info","message":"Executing Step : Verify user created successfully"}
{"level":"info","message":"Test Case Completed : Create User - Navigate to Add New User Page Status : passed"}
{"level":"info","message":"Test Case Started : test"}
{"level":"info","message":"Test Case Started : postUsers"}
{"level":"info","message":"Test Case Started : getUsers"}
{"level":"info","message":"Test Case Completed : postUsers Status : skipped"}
{"level":"info","message":"Test Case Started : Connect to Postgres DB"}
{"level":"info","message":"Test Case Completed : getUsers Status : skipped"}
{"level":"info","message":"Test Case Started : Verify Elements Page."}
{"level":"info","message":"Test Case Completed : Verify Elements Page. Status : skipped"}
{"level":"info","message":"Test Case Completed : Connect to Postgres DB Status : failed"}
{"level":"info","message":"Test Case Started : Verify Page Accessibility"}
{"level":"info","message":"Test Case Started : Create User - Navigate to Add New User Page"}
{"level":"info","message":"Test Case Started : Verify web-admin Login @Smoke"}
{"level":"info","message":"Test Case Completed : test Status : passed"}
{"level":"info","message":"Executing Step : Navigate to web-admin login page"}
{"level":"info","message":"Test Case Started : Verify Elements Page."}
{"level":"info","message":"Executing Step : Verify login page is displayed"}
{"level":"info","message":"Executing Step : Enter valid username"}
{"level":"info","message":"Executing Step : Enter valid password"}
{"level":"info","message":"Executing Step : Click on login button"}
{"level":"info","message":"Executing Step : Verify user is successfully logged in"}
{"level":"info","message":"Test Case Completed : Verify Elements Page. Status : passed"}
{"level":"info","message":"Test Case Completed : Verify Page Accessibility Status : passed"}
{"level":"info","message":"Test Case Completed : Verify web-admin Login @Smoke Status : passed"}
{"level":"info","message":"Executing Step : Fill and submit create user form"}
{"level":"info","message":"Executing Step : Verify user created successfully"}
{"level":"info","message":"Test Case Completed : Create User - Navigate to Add New User Page Status : passed"}
{"level":"info","message":"Test Case Started : Create User - Navigate to Add New User Page"}
{"level":"info","message":"Executing Step : Fill and submit create user form"}
{"level":"info","message":"Executing Step : Verify user created successfully"}
{"level":"info","message":"Test Case Completed : Create User - Navigate to Add New User Page Status : passed"}
{"level":"info","message":"Test Case Started : test"}
{"level":"info","message":"Test Case Started : getUsers"}
{"level":"info","message":"Test Case Started : postUsers"}
{"level":"info","message":"Test Case Completed : postUsers Status : skipped"}
{"level":"info","message":"Test Case Completed : getUsers Status : skipped"}
{"level":"info","message":"Test Case Started : Verify Elements Page."}
{"level":"info","message":"Test Case Completed : Verify Elements Page. Status : skipped"}
{"level":"info","message":"Test Case Started : Connect to Postgres DB"}
{"level":"info","message":"Test Case Completed : Connect to Postgres DB Status : failed"}
{"level":"info","message":"Test Case Started : Verify Page Accessibility"}
{"level":"info","message":"Test Case Started : Create User - Navigate to Add New User Page"}
{"level":"info","message":"Test Case Completed : test Status : passed"}
{"level":"info","message":"Test Case Started : Verify Elements Page."}
{"level":"info","message":"Test Case Started : Verify web-admin Login @Smoke"}
{"level":"info","message":"Executing Step : Navigate to web-admin login page"}
{"level":"info","message":"Executing Step : Verify login page is displayed"}
{"level":"info","message":"Executing Step : Enter valid username"}
{"level":"info","message":"Executing Step : Enter valid password"}
{"level":"info","message":"Executing Step : Click on login button"}
{"level":"info","message":"Executing Step : Verify user is successfully logged in"}
{"level":"info","message":"Test Case Completed : Verify Elements Page. Status : passed"}
{"level":"info","message":"Test Case Completed : Verify Page Accessibility Status : passed"}
{"level":"info","message":"Test Case Completed : Verify web-admin Login @Smoke Status : passed"}
{"level":"info","message":"Test Case Completed : Create User - Navigate to Add New User Page Status : failed"}
{"level":"info","message":"Test Case Started : Create User - Navigate to Add New User Page"}
{"level":"info","message":"Executing Step : Fill and submit create user form"}
{"level":"info","message":"Executing Step : Verify user created successfully"}
{"level":"info","message":"Test Case Completed : Create User - Navigate to Add New User Page Status : passed"}
{"level":"info","message":"Test Case Started : Edit User - Update Existing User Details"}
{"level":"info","message":"Executing Step : Create a user to edit"}
{"level":"info","message":"Executing Step : Edit the created user"}
{"level":"info","message":"Test Case Completed : Edit User - Update Existing User Details Status : timedOut"}
{"level":"info","message":"Test Case Started : Edit User - Update Existing User Details"}
{"level":"info","message":"Executing Step : Create a user to edit"}
{"level":"info","message":"Executing Step : Edit the created user"}
{"level":"info","message":"Test Case Completed : Edit User - Update Existing User Details Status : timedOut"}
{"level":"info","message":"Test Case Started : Edit User - Update Existing User Details"}
{"level":"info","message":"Executing Step : Create a user to edit"}
{"level":"info","message":"Executing Step : Edit the created user"}
{"level":"info","message":"Test Case Completed : Edit User - Update Existing User Details Status : timedOut"}
{"level":"info","message":"Test Case Started : Edit User - Update Existing User Details"}
{"level":"info","message":"Executing Step : Create a user to edit"}
{"level":"info","message":"Executing Step : Edit the created user"}
{"level":"info","message":"Test Case Completed : Edit User - Update Existing User Details Status : timedOut"}
{"level":"info","message":"Test Case Started : Edit User - Update Existing User Details"}
{"level":"info","message":"Executing Step : Create a user to edit"}
{"level":"info","message":"Executing Step : Edit the created user"}
{"level":"info","message":"Test Case Completed : Edit User - Update Existing User Details Status : passed"}
{"level":"info","message":"Test Case Started : Delete User - Remove Existing User"}
{"level":"info","message":"Test Case Completed : Delete User - Remove Existing User Status : skipped"}
{"level":"info","message":"Test Case Started : test"}
{"level":"info","message":"Test Case Started : postUsers"}
{"level":"info","message":"Test Case Started : getUsers"}
{"level":"info","message":"Test Case Completed : postUsers Status : skipped"}
{"level":"info","message":"Test Case Started : Connect to Postgres DB"}
{"level":"info","message":"Test Case Completed : getUsers Status : skipped"}
{"level":"info","message":"Test Case Started : Verify Elements Page."}
{"level":"info","message":"Test Case Completed : Verify Elements Page. Status : skipped"}
{"level":"info","message":"Test Case Completed : Connect to Postgres DB Status : failed"}
{"level":"info","message":"Test Case Started : Delete User - Remove Existing User"}
{"level":"info","message":"Test Case Completed : Delete User - Remove Existing User Status : skipped"}
{"level":"info","message":"Test Case Started : Verify Page Accessibility"}
{"level":"info","message":"Test Case Started : Create User - Navigate to Add New User Page"}
{"level":"info","message":"Test Case Completed : test Status : passed"}
{"level":"info","message":"Test Case Started : Verify web-admin Login @Smoke"}
{"level":"info","message":"Executing Step : Navigate to web-admin login page"}
{"level":"info","message":"Test Case Started : Edit User - Update Existing User Details"}
{"level":"info","message":"Executing Step : Verify login page is displayed"}
{"level":"info","message":"Executing Step : Enter valid username"}
{"level":"info","message":"Executing Step : Enter valid password"}
{"level":"info","message":"Executing Step : Click on login button"}
{"level":"info","message":"Executing Step : Verify user is successfully logged in"}
{"level":"info","message":"Test Case Completed : Verify Page Accessibility Status : passed"}
{"level":"info","message":"Test Case Started : Verify Elements Page."}
{"level":"info","message":"Test Case Completed : Verify web-admin Login @Smoke Status : passed"}
{"level":"info","message":"Executing Step : Create a user to edit"}
{"level":"info","message":"Test Case Completed : Verify Elements Page. Status : passed"}
{"level":"info","message":"Executing Step : Edit the created user"}
{"level":"info","message":"Test Case Completed : Create User - Navigate to Add New User Page Status : failed"}
{"level":"info","message":"Test Case Completed : Edit User - Update Existing User Details Status : passed"}
{"level":"info","message":"Test Case Started : getUsers"}
{"level":"info","message":"Test Case Started : postUsers"}
{"level":"info","message":"Test Case Started : test"}
{"level":"info","message":"Test Case Completed : getUsers Status : skipped"}
{"level":"info","message":"Test Case Completed : postUsers Status : skipped"}
{"level":"info","message":"Test Case Started : Verify Elements Page."}
{"level":"info","message":"Test Case Completed : Verify Elements Page. Status : skipped"}
{"level":"info","message":"Test Case Started : Connect to Postgres DB"}
{"level":"info","message":"Test Case Completed : Connect to Postgres DB Status : failed"}
{"level":"info","message":"Test Case Started : Delete User - Remove Existing User"}
{"level":"info","message":"Test Case Completed : Delete User - Remove Existing User Status : skipped"}
{"level":"info","message":"Test Case Started : Verify Page Accessibility"}
{"level":"info","message":"Test Case Started : Create User - Navigate to Add New User Page"}
{"level":"info","message":"Test Case Completed : test Status : passed"}
{"level":"info","message":"Test Case Started : Edit User - Update Existing User Details"}
{"level":"info","message":"Test Case Started : Verify web-admin Login @Smoke"}
{"level":"info","message":"Executing Step : Navigate to web-admin login page"}
{"level":"info","message":"Executing Step : Verify login page is displayed"}
{"level":"info","message":"Executing Step : Enter valid username"}
{"level":"info","message":"Executing Step : Enter valid password"}
{"level":"info","message":"Executing Step : Click on login button"}
{"level":"info","message":"Executing Step : Verify user is successfully logged in"}
{"level":"info","message":"Test Case Completed : Verify Page Accessibility Status : passed"}
{"level":"info","message":"Test Case Started : Verify Elements Page."}
{"level":"info","message":"Test Case Completed : Verify web-admin Login @Smoke Status : passed"}
{"level":"info","message":"Executing Step : Create a user to edit"}
{"level":"info","message":"Test Case Completed : Verify Elements Page. Status : passed"}
{"level":"info","message":"Executing Step : Edit the created user"}
{"level":"info","message":"Test Case Completed : Edit User - Update Existing User Details Status : passed"}
{"level":"info","message":"Test Case Completed : Create User - Navigate to Add New User Page Status : failed"}
{"level":"info","message":"Test Case Started : test"}
{"level":"info","message":"Test Case Started : getUsers"}
{"level":"info","message":"Test Case Started : postUsers"}
{"level":"info","message":"Test Case Completed : getUsers Status : skipped"}
{"level":"info","message":"Test Case Started : Connect to Postgres DB"}
{"level":"info","message":"Test Case Completed : postUsers Status : skipped"}
{"level":"info","message":"Test Case Started : Verify Elements Page."}
{"level":"info","message":"Test Case Completed : Verify Elements Page. Status : skipped"}
{"level":"info","message":"Test Case Completed : Connect to Postgres DB Status : failed"}
{"level":"info","message":"Test Case Started : Delete User - Remove Existing User"}
{"level":"info","message":"Test Case Completed : Delete User - Remove Existing User Status : skipped"}
{"level":"info","message":"Test Case Started : Verify Page Accessibility"}
{"level":"info","message":"Test Case Started : Create User - Navigate to Add New User Page"}
{"level":"info","message":"Test Case Started : Edit User - Update Existing User Details"}
{"level":"info","message":"Test Case Completed : test Status : passed"}
{"level":"info","message":"Test Case Started : Verify web-admin Login @Smoke"}
{"level":"info","message":"Executing Step : Navigate to web-admin login page"}
{"level":"info","message":"Executing Step : Verify login page is displayed"}
{"level":"info","message":"Executing Step : Enter valid username"}
{"level":"info","message":"Executing Step : Enter valid password"}
{"level":"info","message":"Executing Step : Click on login button"}
{"level":"info","message":"Executing Step : Verify user is successfully logged in"}
{"level":"info","message":"Test Case Completed : Verify Page Accessibility Status : passed"}
{"level":"info","message":"Test Case Started : Verify Elements Page."}
{"level":"info","message":"Test Case Completed : Verify web-admin Login @Smoke Status : passed"}
{"level":"info","message":"Test Case Completed : Verify Elements Page. Status : passed"}
{"level":"info","message":"Test Case Completed : Edit User - Update Existing User Details Status : failed"}
{"level":"info","message":"Executing Step : Fill and submit create user form"}
{"level":"info","message":"Executing Step : Verify user created successfully"}
{"level":"info","message":"Test Case Completed : Create User - Navigate to Add New User Page Status : passed"}
{"level":"info","message":"Test Case Started : Edit User - Update Existing User Details"}
{"level":"info","message":"Executing Step : Create a user to edit"}
{"level":"info","message":"Executing Step : Edit the created user"}
{"level":"info","message":"Test Case Completed : Edit User - Update Existing User Details Status : passed"}
{"level":"info","message":"Test Case Started : test"}
{"level":"info","message":"Test Case Started : getUsers"}
{"level":"info","message":"Test Case Started : postUsers"}
{"level":"info","message":"Test Case Completed : getUsers Status : skipped"}
{"level":"info","message":"Test Case Started : Connect to Postgres DB"}
{"level":"info","message":"Test Case Completed : postUsers Status : skipped"}
{"level":"info","message":"Test Case Started : Verify Elements Page."}
{"level":"info","message":"Test Case Completed : Verify Elements Page. Status : skipped"}
{"level":"info","message":"Test Case Completed : Connect to Postgres DB Status : failed"}
{"level":"info","message":"Test Case Started : Delete User - Remove Existing User"}
{"level":"info","message":"Test Case Completed : Delete User - Remove Existing User Status : skipped"}
{"level":"info","message":"Test Case Started : Verify Page Accessibility"}
{"level":"info","message":"Test Case Started : Create User - Navigate to Add New User Page"}
{"level":"info","message":"Test Case Completed : test Status : passed"}
{"level":"info","message":"Test Case Started : Verify web-admin Login @Smoke"}
{"level":"info","message":"Executing Step : Navigate to web-admin login page"}
{"level":"info","message":"Test Case Started : Edit User - Update Existing User Details"}
{"level":"info","message":"Executing Step : Verify login page is displayed"}
{"level":"info","message":"Executing Step : Enter valid username"}
{"level":"info","message":"Executing Step : Enter valid password"}
{"level":"info","message":"Executing Step : Click on login button"}
{"level":"info","message":"Executing Step : Verify user is successfully logged in"}
{"level":"info","message":"Test Case Completed : Verify Page Accessibility Status : passed"}
{"level":"info","message":"Test Case Started : Verify Elements Page."}
{"level":"info","message":"Executing Step : Create a user to edit"}
{"level":"info","message":"Test Case Completed : Verify web-admin Login @Smoke Status : passed"}
{"level":"info","message":"Test Case Completed : Verify Elements Page. Status : passed"}
{"level":"info","message":"Executing Step : Edit the created user"}
{"level":"info","message":"Test Case Completed : Edit User - Update Existing User Details Status : passed"}
{"level":"info","message":"Test Case Completed : Create User - Navigate to Add New User Page Status : failed"}
{"level":"info","message":"Test Case Started : test"}
{"level":"info","message":"Test Case Started : getUsers"}
{"level":"info","message":"Test Case Started : postUsers"}
{"level":"info","message":"Test Case Completed : getUsers Status : skipped"}
{"level":"info","message":"Test Case Started : Connect to Postgres DB"}
{"level":"info","message":"Test Case Completed : postUsers Status : skipped"}
{"level":"info","message":"Test Case Started : Verify Elements Page."}
{"level":"info","message":"Test Case Completed : Verify Elements Page. Status : skipped"}
{"level":"info","message":"Test Case Completed : Connect to Postgres DB Status : failed"}
{"level":"info","message":"Test Case Started : Delete User - Remove Existing User"}
{"level":"info","message":"Test Case Completed : Delete User - Remove Existing User Status : skipped"}
{"level":"info","message":"Test Case Started : Verify Page Accessibility"}
{"level":"info","message":"Test Case Started : Create User - Navigate to Add New User Page"}
{"level":"info","message":"Test Case Completed : test Status : passed"}
{"level":"info","message":"Test Case Started : Edit User - Update Existing User Details"}
{"level":"info","message":"Test Case Started : Verify web-admin Login @Smoke"}
{"level":"info","message":"Executing Step : Navigate to web-admin login page"}
{"level":"info","message":"Executing Step : Verify login page is displayed"}
{"level":"info","message":"Executing Step : Enter valid username"}
{"level":"info","message":"Executing Step : Enter valid password"}
{"level":"info","message":"Executing Step : Click on login button"}
{"level":"info","message":"Executing Step : Verify user is successfully logged in"}
{"level":"info","message":"Executing Step : Create a user to edit"}
{"level":"info","message":"Test Case Completed : Verify Page Accessibility Status : passed"}
{"level":"info","message":"Test Case Started : Verify Elements Page."}
{"level":"info","message":"Test Case Completed : Verify web-admin Login @Smoke Status : passed"}
{"level":"info","message":"Test Case Completed : Verify Elements Page. Status : passed"}
{"level":"info","message":"Executing Step : Edit the created user"}
{"level":"info","message":"Test Case Completed : Edit User - Update Existing User Details Status : passed"}
{"level":"info","message":"Test Case Completed : Create User - Navigate to Add New User Page Status : failed"}
{"level":"info","message":"Test Case Started : test"}
{"level":"info","message":"Test Case Started : postUsers"}
{"level":"info","message":"Test Case Started : getUsers"}
{"level":"info","message":"Test Case Completed : postUsers Status : skipped"}
{"level":"info","message":"Test Case Started : Connect to Postgres DB"}
{"level":"info","message":"Test Case Completed : getUsers Status : skipped"}
{"level":"info","message":"Test Case Started : Verify Elements Page."}
{"level":"info","message":"Test Case Completed : Verify Elements Page. Status : skipped"}
{"level":"info","message":"Test Case Completed : Connect to Postgres DB Status : failed"}
{"level":"info","message":"Test Case Started : Delete User - Remove Existing User"}
{"level":"info","message":"Test Case Completed : Delete User - Remove Existing User Status : skipped"}
{"level":"info","message":"Test Case Started : Verify Page Accessibility"}
{"level":"info","message":"Test Case Started : Create User - Navigate to Add New User Page"}
{"level":"info","message":"Test Case Completed : test Status : passed"}
{"level":"info","message":"Test Case Started : Verify web-admin Login @Smoke"}
{"level":"info","message":"Executing Step : Navigate to web-admin login page"}
{"level":"info","message":"Test Case Started : Edit User - Update Existing User Details"}
{"level":"info","message":"Executing Step : Verify login page is displayed"}
{"level":"info","message":"Executing Step : Enter valid username"}
{"level":"info","message":"Executing Step : Enter valid password"}
{"level":"info","message":"Executing Step : Click on login button"}
{"level":"info","message":"Executing Step : Verify user is successfully logged in"}
{"level":"info","message":"Test Case Completed : Verify Page Accessibility Status : passed"}
{"level":"info","message":"Test Case Started : Verify Elements Page."}
{"level":"info","message":"Test Case Completed : Verify web-admin Login @Smoke Status : passed"}
{"level":"info","message":"Test Case Completed : Verify Elements Page. Status : passed"}
{"level":"info","message":"Executing Step : Fill and submit create user form"}
{"level":"info","message":"Executing Step : Verify user created successfully"}
{"level":"info","message":"Test Case Completed : Create User - Navigate to Add New User Page Status : passed"}
{"level":"info","message":"Test Case Completed : Edit User - Update Existing User Details Status : failed"}
{"level":"info","message":"Test Case Started : Edit User - Update Existing User Details"}
{"level":"info","message":"Executing Step : Create a user to edit"}
{"level":"info","message":"Executing Step : Edit the created user"}
{"level":"info","message":"Test Case Completed : Edit User - Update Existing User Details Status : failed"}
{"level":"info","message":"Test Case Started : Edit User - Update Existing User Details"}
{"level":"info","message":"Executing Step : Create a user to edit"}
{"level":"info","message":"Executing Step : Edit the created user"}
{"level":"info","message":"Test Case Completed : Edit User - Update Existing User Details Status : passed"}
{"level":"info","message":"Test Case Started : postUsers"}
{"level":"info","message":"Test Case Started : test"}
{"level":"info","message":"Test Case Completed : postUsers Status : skipped"}
{"level":"info","message":"Test Case Started : getUsers"}
{"level":"info","message":"Test Case Started : Connect to Postgres DB"}
{"level":"info","message":"Test Case Completed : getUsers Status : skipped"}
{"level":"info","message":"Test Case Started : Verify Elements Page."}
{"level":"info","message":"Test Case Completed : Verify Elements Page. Status : skipped"}
{"level":"info","message":"Test Case Completed : Connect to Postgres DB Status : failed"}
{"level":"info","message":"Test Case Started : Delete User - Remove Existing User"}
{"level":"info","message":"Test Case Completed : Delete User - Remove Existing User Status : skipped"}
{"level":"info","message":"Test Case Started : Verify Page Accessibility"}
{"level":"info","message":"Test Case Started : Create User - Navigate to Add New User Page"}
{"level":"info","message":"Test Case Completed : test Status : passed"}
{"level":"info","message":"Test Case Started : Edit User - Update Existing User Details"}
{"level":"info","message":"Test Case Started : Verify web-admin Login @Smoke"}
{"level":"info","message":"Executing Step : Navigate to web-admin login page"}
{"level":"info","message":"Executing Step : Verify login page is displayed"}
{"level":"info","message":"Executing Step : Enter valid username"}
{"level":"info","message":"Executing Step : Enter valid password"}
{"level":"info","message":"Executing Step : Click on login button"}
{"level":"info","message":"Executing Step : Verify user is successfully logged in"}
{"level":"info","message":"Test Case Completed : Verify Page Accessibility Status : passed"}
{"level":"info","message":"Test Case Started : Verify Elements Page."}
{"level":"info","message":"Executing Step : Create a user to edit"}
{"level":"info","message":"Test Case Completed : Verify Elements Page. Status : passed"}
{"level":"info","message":"Executing Step : Edit the created user"}
{"level":"info","message":"Test Case Completed : Edit User - Update Existing User Details Status : passed"}
{"level":"info","message":"Test Case Completed : Create User - Navigate to Add New User Page Status : failed"}
{"level":"info","message":"Test Case Completed : Verify web-admin Login @Smoke Status : failed"}
{"level":"info","message":"Test Case Started : getUsers"}
{"level":"info","message":"Test Case Started : test"}
{"level":"info","message":"Test Case Started : postUsers"}
{"level":"info","message":"Test Case Completed : postUsers Status : skipped"}
{"level":"info","message":"Test Case Started : Connect to Postgres DB"}
{"level":"info","message":"Test Case Completed : getUsers Status : skipped"}
{"level":"info","message":"Test Case Started : Verify Elements Page."}
{"level":"info","message":"Test Case Completed : Verify Elements Page. Status : skipped"}
{"level":"info","message":"Test Case Completed : Connect to Postgres DB Status : failed"}
{"level":"info","message":"Test Case Started : Delete User - Remove Existing User"}
{"level":"info","message":"Test Case Completed : Delete User - Remove Existing User Status : skipped"}
{"level":"info","message":"Test Case Started : Verify Page Accessibility"}
{"level":"info","message":"Test Case Started : Create User - Navigate to Add New User Page"}
{"level":"info","message":"Test Case Completed : test Status : passed"}
{"level":"info","message":"Test Case Started : Edit User - Update Existing User Details"}
{"level":"info","message":"Test Case Started : Verify web-admin Login @Smoke"}
{"level":"info","message":"Executing Step : Navigate to web-admin login page"}
{"level":"info","message":"Executing Step : Verify login page is displayed"}
{"level":"info","message":"Executing Step : Enter valid username"}
{"level":"info","message":"Executing Step : Enter valid password"}
{"level":"info","message":"Executing Step : Click on login button"}
{"level":"info","message":"Executing Step : Verify user is successfully logged in"}
{"level":"info","message":"Test Case Completed : Verify Page Accessibility Status : passed"}
{"level":"info","message":"Test Case Started : Verify Elements Page."}
{"level":"info","message":"Test Case Completed : Verify web-admin Login @Smoke Status : passed"}
{"level":"info","message":"Test Case Completed : Verify Elements Page. Status : passed"}
{"level":"info","message":"Test Case Completed : Create User - Navigate to Add New User Page Status : failed"}
{"level":"info","message":"Test Case Completed : Edit User - Update Existing User Details Status : failed"}
{"level":"info","message":"Test Case Started : getUsers"}
{"level":"info","message":"Test Case Started : test"}
{"level":"info","message":"Test Case Completed : getUsers Status : skipped"}
{"level":"info","message":"Test Case Started : postUsers"}
{"level":"info","message":"Test Case Started : Connect to Postgres DB"}
{"level":"info","message":"Test Case Completed : postUsers Status : skipped"}
{"level":"info","message":"Test Case Started : Verify Elements Page."}
{"level":"info","message":"Test Case Completed : Verify Elements Page. Status : skipped"}
{"level":"info","message":"Test Case Completed : Connect to Postgres DB Status : failed"}
{"level":"info","message":"Test Case Started : Delete User - Remove Existing User"}
{"level":"info","message":"Test Case Completed : Delete User - Remove Existing User Status : skipped"}
{"level":"info","message":"Test Case Started : Verify Page Accessibility"}
{"level":"info","message":"Test Case Started : Create User - Navigate to Add New User Page"}
{"level":"info","message":"Test Case Completed : test Status : passed"}
{"level":"info","message":"Test Case Started : Edit User - Update Existing User Details"}
{"level":"info","message":"Test Case Started : Verify web-admin Login @Smoke"}
{"level":"info","message":"Executing Step : Navigate to web-admin login page"}
{"level":"info","message":"Executing Step : Verify login page is displayed"}
{"level":"info","message":"Executing Step : Enter valid username"}
{"level":"info","message":"Executing Step : Enter valid password"}
{"level":"info","message":"Executing Step : Click on login button"}
{"level":"info","message":"Executing Step : Verify user is successfully logged in"}
{"level":"info","message":"Test Case Completed : Verify Page Accessibility Status : passed"}
{"level":"info","message":"Test Case Started : Verify Elements Page."}
{"level":"info","message":"Test Case Completed : Verify web-admin Login @Smoke Status : passed"}
{"level":"info","message":"Test Case Completed : Verify Elements Page. Status : passed"}
{"level":"info","message":"Test Case Completed : Create User - Navigate to Add New User Page Status : failed"}
{"level":"info","message":"Test Case Completed : Edit User - Update Existing User Details Status : failed"}
{"level":"info","message":"Test Case Started : test"}
{"level":"info","message":"Test Case Started : getUsers"}
{"level":"info","message":"Test Case Started : postUsers"}
{"level":"info","message":"Test Case Completed : getUsers Status : skipped"}
{"level":"info","message":"Test Case Started : Connect to Postgres DB"}
{"level":"info","message":"Test Case Completed : postUsers Status : skipped"}
{"level":"info","message":"Test Case Started : Verify Elements Page."}
{"level":"info","message":"Test Case Completed : Verify Elements Page. Status : skipped"}
{"level":"info","message":"Test Case Completed : Connect to Postgres DB Status : failed"}
{"level":"info","message":"Test Case Started : Delete User - Remove Existing User"}
{"level":"info","message":"Test Case Completed : Delete User - Remove Existing User Status : skipped"}
{"level":"info","message":"Test Case Started : Verify Page Accessibility"}
{"level":"info","message":"Test Case Started : Create User - Navigate to Add New User Page"}
{"level":"info","message":"Test Case Completed : test Status : passed"}
{"level":"info","message":"Test Case Started : Verify web-admin Login @Smoke"}
{"level":"info","message":"Executing Step : Navigate to web-admin login page"}
{"level":"info","message":"Test Case Started : Edit User - Update Existing User Details"}
{"level":"info","message":"Executing Step : Verify login page is displayed"}
{"level":"info","message":"Executing Step : Enter valid username"}
{"level":"info","message":"Executing Step : Enter valid password"}
{"level":"info","message":"Executing Step : Click on login button"}
{"level":"info","message":"Executing Step : Verify user is successfully logged in"}
{"level":"info","message":"Test Case Completed : Verify Page Accessibility Status : passed"}
{"level":"info","message":"Test Case Completed : Verify web-admin Login @Smoke Status : passed"}
{"level":"info","message":"Test Case Started : Verify Elements Page."}
{"level":"info","message":"Executing Step : Create a user to edit"}
{"level":"info","message":"Test Case Completed : Verify Elements Page. Status : passed"}
{"level":"info","message":"Executing Step : Edit the created user"}
{"level":"info","message":"Test Case Completed : Edit User - Update Existing User Details Status : passed"}
{"level":"info","message":"Test Case Completed : Create User - Navigate to Add New User Page Status : failed"}
{"level":"info","message":"Test Case Started : postUsers"}
{"level":"info","message":"Test Case Started : getUsers"}
{"level":"info","message":"Test Case Started : test"}
{"level":"info","message":"Test Case Completed : postUsers Status : skipped"}
{"level":"info","message":"Test Case Started : Connect to Postgres DB"}
{"level":"info","message":"Test Case Completed : getUsers Status : skipped"}
{"level":"info","message":"Test Case Started : Verify Elements Page."}
{"level":"info","message":"Test Case Completed : Verify Elements Page. Status : skipped"}
{"level":"info","message":"Test Case Completed : Connect to Postgres DB Status : failed"}
{"level":"info","message":"Test Case Started : Delete User - Remove Existing User"}
{"level":"info","message":"Test Case Completed : Delete User - Remove Existing User Status : skipped"}
{"level":"info","message":"Test Case Started : Verify Page Accessibility"}
{"level":"info","message":"Test Case Started : Create User - Navigate to Add New User Page"}
{"level":"info","message":"Test Case Started : Edit User - Update Existing User Details"}
{"level":"info","message":"Test Case Completed : test Status : passed"}
{"level":"info","message":"Test Case Started : Verify web-admin Login @Smoke"}
{"level":"info","message":"Executing Step : Navigate to web-admin login page"}
{"level":"info","message":"Executing Step : Verify login page is displayed"}
{"level":"info","message":"Executing Step : Enter valid username"}
{"level":"info","message":"Executing Step : Enter valid password"}
{"level":"info","message":"Executing Step : Click on login button"}
{"level":"info","message":"Executing Step : Create a user to edit"}
{"level":"info","message":"Executing Step : Verify user is successfully logged in"}
{"level":"info","message":"Test Case Completed : Verify Page Accessibility Status : passed"}
{"level":"info","message":"Test Case Started : Verify Elements Page."}
{"level":"info","message":"Test Case Completed : Verify web-admin Login @Smoke Status : passed"}
{"level":"info","message":"Test Case Completed : Verify Elements Page. Status : passed"}
{"level":"info","message":"Test Case Completed : Edit User - Update Existing User Details Status : failed"}
{"level":"info","message":"Test Case Completed : Create User - Navigate to Add New User Page Status : failed"}
{"level":"info","message":"Test Case Started : Edit User - Update Existing User Details"}
{"level":"info","message":"Test Case Started : Create User - Navigate to Add New User Page"}
{"level":"info","message":"Executing Step : Fill and submit create user form"}
{"level":"info","message":"Executing Step : Verify user created successfully"}
{"level":"info","message":"Test Case Completed : Create User - Navigate to Add New User Page Status : passed"}
{"level":"info","message":"Test Case Completed : Edit User - Update Existing User Details Status : failed"}
{"level":"info","message":"Test Case Started : Create User - Navigate to Add New User Page"}
{"level":"info","message":"Executing Step : Fill and submit create user form"}
{"level":"info","message":"Executing Step : Verify user created successfully"}
{"level":"info","message":"Test Case Completed : Create User - Navigate to Add New User Page Status : passed"}
{"level":"info","message":"Test Case Started : Edit User - Update Existing User Details"}
{"level":"info","message":"Executing Step : Create a user to edit"}
{"level":"info","message":"Executing Step : Edit the created user"}
{"level":"info","message":"Test Case Completed : Edit User - Update Existing User Details Status : passed"}
{"level":"info","message":"Test Case Started : Connect to Postgres DB"}
{"level":"info","message":"Test Case Completed : Connect to Postgres DB Status : skipped"}
{"level":"info","message":"Test Case Started : test"}
{"level":"info","message":"Test Case Completed : test Status : passed"}
{"level":"info","message":"Test Case Started : Verify Page Accessibility"}
{"level":"info","message":"Test Case Completed : Verify Page Accessibility Status : passed"}
{"level":"info","message":"Test Case Started : getUsers"}
{"level":"info","message":"Test Case Completed : getUsers Status : skipped"}
{"level":"info","message":"Test Case Started : postUsers"}
{"level":"info","message":"Test Case Completed : postUsers Status : skipped"}
{"level":"info","message":"Test Case Started : Connect to Postgres DB"}
{"level":"info","message":"Test Case Completed : Connect to Postgres DB Status : skipped"}
{"level":"info","message":"Test Case Started : Verify Elements Page."}
{"level":"info","message":"Test Case Completed : Verify Elements Page. Status : skipped"}
{"level":"info","message":"Test Case Started : Create User - Navigate to Add New User Page"}
{"level":"info","message":"Executing Step : Fill and submit create user form"}
{"level":"info","message":"Executing Step : Verify user created successfully"}
{"level":"info","message":"Test Case Completed : Create User - Navigate to Add New User Page Status : passed"}
{"level":"info","message":"Test Case Started : Delete User - Remove Existing User"}
{"level":"info","message":"Test Case Completed : Delete User - Remove Existing User Status : skipped"}
{"level":"info","message":"Test Case Started : Edit User - Update Existing User Details"}
{"level":"info","message":"Executing Step : Create a user to edit"}
{"level":"info","message":"Executing Step : Edit the created user"}
{"level":"info","message":"Test Case Completed : Edit User - Update Existing User Details Status : passed"}
{"level":"info","message":"Test Case Started : Verify web-admin Login @Smoke"}
{"level":"info","message":"Executing Step : Navigate to web-admin login page"}
{"level":"info","message":"Executing Step : Verify login page is displayed"}
{"level":"info","message":"Executing Step : Enter valid username"}
{"level":"info","message":"Executing Step : Enter valid password"}
{"level":"info","message":"Executing Step : Click on login button"}
{"level":"info","message":"Executing Step : Verify user is successfully logged in"}
{"level":"info","message":"Test Case Completed : Verify web-admin Login @Smoke Status : passed"}
{"level":"info","message":"Test Case Started : Verify Elements Page."}
{"level":"info","message":"Test Case Completed : Verify Elements Page. Status : passed"}
{"level":"info","message":"Test Case Started : test"}
{"level":"info","message":"Test Case Completed : test Status : passed"}
{"level":"info","message":"Test Case Started : Verify Page Accessibility"}
{"level":"info","message":"Test Case Completed : Verify Page Accessibility Status : passed"}
{"level":"info","message":"Test Case Started : getUsers"}
{"level":"info","message":"Test Case Completed : getUsers Status : skipped"}
{"level":"info","message":"Test Case Started : postUsers"}
{"level":"info","message":"Test Case Completed : postUsers Status : skipped"}
{"level":"info","message":"Test Case Started : Connect to Postgres DB"}
{"level":"info","message":"Test Case Completed : Connect to Postgres DB Status : skipped"}
{"level":"info","message":"Test Case Started : Verify Elements Page."}
{"level":"info","message":"Test Case Completed : Verify Elements Page. Status : skipped"}
{"level":"info","message":"Test Case Started : Create User - Navigate to Add New User Page"}
{"level":"info","message":"Executing Step : Fill and submit create user form"}
{"level":"info","message":"Executing Step : Verify user created successfully"}
{"level":"info","message":"Test Case Completed : Create User - Navigate to Add New User Page Status : passed"}
{"level":"info","message":"Test Case Started : Delete User - Remove Existing User"}
{"level":"info","message":"Test Case Completed : Delete User - Remove Existing User Status : skipped"}
{"level":"info","message":"Test Case Started : Edit User - Update Existing User Details"}
{"level":"info","message":"Executing Step : Create a user to edit"}
{"level":"info","message":"Executing Step : Edit the created user"}
{"level":"info","message":"Test Case Completed : Edit User - Update Existing User Details Status : passed"}
{"level":"info","message":"Test Case Started : Verify web-admin Login @Smoke"}
{"level":"info","message":"Executing Step : Navigate to web-admin login page"}
{"level":"info","message":"Executing Step : Verify login page is displayed"}
{"level":"info","message":"Executing Step : Enter valid username"}
{"level":"info","message":"Executing Step : Enter valid password"}
{"level":"info","message":"Executing Step : Click on login button"}
{"level":"info","message":"Executing Step : Verify user is successfully logged in"}
{"level":"info","message":"Test Case Completed : Verify web-admin Login @Smoke Status : passed"}
{"level":"info","message":"Test Case Started : Verify Elements Page."}
{"level":"info","message":"Test Case Completed : Verify Elements Page. Status : passed"}
{"level":"info","message":"Test Case Started : Edit User - Update Existing User Details"}
{"level":"info","message":"Executing Step : Create a user to edit"}
{"level":"info","message":"Executing Step : Edit the created user"}
{"level":"info","message":"Test Case Completed : Edit User - Update Existing User Details Status : passed"}
{"level":"info","message":"Test Case Started : Delete User - Remove Existing User"}
{"level":"info","message":"Test Case Completed : Delete User - Remove Existing User Status : skipped"}
{"level":"info","message":"Test Case Started : Delete User - Remove Existing User"}
{"level":"info","message":"Executing Step : Create a user to delete"}
{"level":"info","message":"Executing Step : Delete the created user"}
{"level":"info","message":"Test Case Completed : Delete User - Remove Existing User Status : passed"}
{"level":"info","message":"Test Case Started : Delete User - Remove Existing User"}
{"level":"info","message":"Executing Step : Create a user to delete"}
{"level":"info","message":"Executing Step : Delete the created user"}
{"level":"info","message":"Test Case Completed : Delete User - Remove Existing User Status : passed"}
{"level":"info","message":"Test Case Started : Delete User - Remove Existing User"}
{"level":"info","message":"Executing Step : Create a user to delete"}
{"level":"info","message":"Executing Step : Delete the created user"}
{"level":"info","message":"Test Case Completed : Delete User - Remove Existing User Status : passed"}
{"level":"info","message":"Test Case Started : test"}
{"level":"info","message":"Test Case Completed : test Status : passed"}
{"level":"info","message":"Test Case Started : Verify Page Accessibility"}
{"level":"info","message":"Test Case Completed : Verify Page Accessibility Status : passed"}
{"level":"info","message":"Test Case Started : getUsers"}
{"level":"info","message":"Test Case Completed : getUsers Status : skipped"}
{"level":"info","message":"Test Case Started : postUsers"}
{"level":"info","message":"Test Case Completed : postUsers Status : skipped"}
{"level":"info","message":"Test Case Started : Connect to Postgres DB"}
{"level":"info","message":"Test Case Completed : Connect to Postgres DB Status : skipped"}
{"level":"info","message":"Test Case Started : Verify Elements Page."}
{"level":"info","message":"Test Case Completed : Verify Elements Page. Status : skipped"}
{"level":"info","message":"Test Case Started : Create User - Navigate to Add New User Page"}
{"level":"info","message":"Executing Step : Fill and submit create user form"}
{"level":"info","message":"Executing Step : Verify user created successfully"}
{"level":"info","message":"Test Case Completed : Create User - Navigate to Add New User Page Status : passed"}
{"level":"info","message":"Test Case Started : Delete User - Remove Existing User"}
{"level":"info","message":"Executing Step : Create a user to delete"}
{"level":"info","message":"Executing Step : Delete the created user"}
{"level":"info","message":"Test Case Completed : Delete User - Remove Existing User Status : passed"}
{"level":"info","message":"Test Case Started : Edit User - Update Existing User Details"}
{"level":"info","message":"Executing Step : Create a user to edit"}
{"level":"info","message":"Executing Step : Edit the created user"}
{"level":"info","message":"Test Case Completed : Edit User - Update Existing User Details Status : passed"}
{"level":"info","message":"Test Case Started : Verify web-admin Login @Smoke"}
{"level":"info","message":"Executing Step : Navigate to web-admin login page"}
{"level":"info","message":"Executing Step : Verify login page is displayed"}
{"level":"info","message":"Executing Step : Enter valid username"}
{"level":"info","message":"Executing Step : Enter valid password"}
{"level":"info","message":"Executing Step : Click on login button"}
{"level":"info","message":"Executing Step : Verify user is successfully logged in"}
{"level":"info","message":"Test Case Completed : Verify web-admin Login @Smoke Status : passed"}
{"level":"info","message":"Test Case Started : Verify Elements Page."}
{"level":"info","message":"Test Case Completed : Verify Elements Page. Status : passed"}
{"level":"info","message":"Test Case Started : test"}
{"level":"info","message":"Test Case Completed : test Status : passed"}
{"level":"info","message":"Test Case Started : Verify Page Accessibility"}
{"level":"info","message":"Test Case Completed : Verify Page Accessibility Status : passed"}
{"level":"info","message":"Test Case Started : getUsers"}
{"level":"info","message":"Test Case Completed : getUsers Status : skipped"}
{"level":"info","message":"Test Case Started : postUsers"}
{"level":"info","message":"Test Case Completed : postUsers Status : skipped"}
{"level":"info","message":"Test Case Started : Connect to Postgres DB"}
{"level":"info","message":"Test Case Completed : Connect to Postgres DB Status : skipped"}
{"level":"info","message":"Test Case Started : Verify Elements Page."}
{"level":"info","message":"Test Case Completed : Verify Elements Page. Status : skipped"}
{"level":"info","message":"Test Case Started : Create User - Navigate to Add New User Page"}
{"level":"info","message":"Executing Step : Fill and submit create user form"}
{"level":"info","message":"Executing Step : Verify user created successfully"}
{"level":"info","message":"Test Case Completed : Create User - Navigate to Add New User Page Status : passed"}
{"level":"info","message":"Test Case Started : Delete User - Remove Existing User"}
{"level":"info","message":"Executing Step : Create a user to delete"}
{"level":"info","message":"Executing Step : Delete the created user"}
{"level":"info","message":"Test Case Completed : Delete User - Remove Existing User Status : passed"}
{"level":"info","message":"Test Case Started : Edit User - Update Existing User Details"}
{"level":"info","message":"Executing Step : Create a user to edit"}
{"level":"info","message":"Executing Step : Edit the created user"}
{"level":"info","message":"Test Case Completed : Edit User - Update Existing User Details Status : passed"}
{"level":"info","message":"Test Case Started : Verify web-admin Login @Smoke"}
{"level":"info","message":"Executing Step : Navigate to web-admin login page"}
{"level":"info","message":"Executing Step : Verify login page is displayed"}
{"level":"info","message":"Executing Step : Enter valid username"}
{"level":"info","message":"Executing Step : Enter valid password"}
{"level":"info","message":"Executing Step : Click on login button"}
{"level":"info","message":"Executing Step : Verify user is successfully logged in"}
{"level":"info","message":"Test Case Completed : Verify web-admin Login @Smoke Status : passed"}
{"level":"info","message":"Test Case Started : Verify Elements Page."}
{"level":"info","message":"Test Case Completed : Verify Elements Page. Status : passed"}
{"level":"info","message":"Test Case Started : Edit User - Update Existing User Details"}
{"level":"info","message":"Executing Step : Create a user to edit"}
{"level":"info","message":"Executing Step : Edit the created user"}
{"level":"info","message":"Test Case Completed : Edit User - Update Existing User Details Status : passed"}
{"level":"info","message":"Test Case Started : Edit User - Update Existing User Details"}
{"level":"info","message":"Executing Step : Create a user to edit"}
{"level":"info","message":"Executing Step : Edit the created user"}
{"level":"info","message":"Test Case Completed : Edit User - Update Existing User Details Status : passed"}
{"level":"info","message":"Test Case Started : Edit User - Update Existing User Details"}
{"level":"info","message":"Executing Step : Create a user to edit"}
{"level":"info","message":"Executing Step : Edit the created user"}
{"level":"info","message":"Test Case Completed : Edit User - Update Existing User Details Status : passed"}
{"level":"info","message":"Test Case Started : Edit User - Update Existing User Details"}
{"level":"info","message":"Executing Step : Edit the created user"}
{"level":"info","message":"Test Case Completed : Edit User - Update Existing User Details Status : failed"}
{"level":"info","message":"Test Case Started : Edit User - Update Existing User Details"}
{"level":"info","message":"Executing Step : Edit the created user"}
{"level":"info","message":"Test Case Completed : Edit User - Update Existing User Details Status : failed"}
{"level":"info","message":"Test Case Started : Edit User - Update Existing User Details"}
{"level":"info","message":"Executing Step : Create a user to edit"}
{"level":"info","message":"Executing Step : Edit the created user"}
{"level":"info","message":"Test Case Completed : Edit User - Update Existing User Details Status : passed"}
{"level":"info","message":"Test Case Started : Edit User - Update Existing User Details"}
{"level":"info","message":"Executing Step : Create a user to edit"}
{"level":"info","message":"Executing Step : Edit the created user"}
{"level":"info","message":"Test Case Completed : Edit User - Update Existing User Details Status : passed"}
{"level":"info","message":"Test Case Started : test"}
{"level":"info","message":"Test Case Completed : test Status : passed"}
{"level":"info","message":"Test Case Started : Verify Page Accessibility"}
{"level":"info","message":"Test Case Completed : Verify Page Accessibility Status : passed"}
{"level":"info","message":"Test Case Started : getUsers"}
{"level":"info","message":"Test Case Completed : getUsers Status : skipped"}
{"level":"info","message":"Test Case Started : postUsers"}
{"level":"info","message":"Test Case Completed : postUsers Status : skipped"}
{"level":"info","message":"Test Case Started : Connect to Postgres DB"}
{"level":"info","message":"Test Case Completed : Connect to Postgres DB Status : skipped"}
{"level":"info","message":"Test Case Started : Verify Elements Page."}
{"level":"info","message":"Test Case Completed : Verify Elements Page. Status : skipped"}
{"level":"info","message":"Test Case Started : Create User - Navigate to Add New User Page"}
{"level":"info","message":"Executing Step : Fill and submit create user form"}
{"level":"info","message":"Executing Step : Verify user created successfully"}
{"level":"info","message":"Test Case Completed : Create User - Navigate to Add New User Page Status : passed"}
{"level":"info","message":"Test Case Started : Delete User - Remove Existing User"}
{"level":"info","message":"Executing Step : Create a user to delete"}
{"level":"info","message":"Executing Step : Delete the created user"}
{"level":"info","message":"Test Case Completed : Delete User - Remove Existing User Status : passed"}
{"level":"info","message":"Test Case Started : Edit User - Update Existing User Details"}
{"level":"info","message":"Executing Step : Create a user to edit"}
{"level":"info","message":"Executing Step : Edit the created user"}
{"level":"info","message":"Test Case Completed : Edit User - Update Existing User Details Status : passed"}
{"level":"info","message":"Test Case Started : Verify web-admin Login @Smoke"}
{"level":"info","message":"Executing Step : Navigate to web-admin login page"}
{"level":"info","message":"Executing Step : Verify login page is displayed"}
{"level":"info","message":"Executing Step : Enter valid username"}
{"level":"info","message":"Executing Step : Enter valid password"}
{"level":"info","message":"Executing Step : Click on login button"}
{"level":"info","message":"Executing Step : Verify user is successfully logged in"}
{"level":"info","message":"Test Case Completed : Verify web-admin Login @Smoke Status : passed"}
{"level":"info","message":"Test Case Started : Verify Elements Page."}
{"level":"info","message":"Test Case Completed : Verify Elements Page. Status : passed"}
{"level":"info","message":"Test Case Started : test"}
{"level":"info","message":"Test Case Completed : test Status : passed"}
{"level":"info","message":"Test Case Started : Verify Page Accessibility"}
{"level":"info","message":"Test Case Completed : Verify Page Accessibility Status : passed"}
{"level":"info","message":"Test Case Started : getUsers"}
{"level":"info","message":"Test Case Completed : getUsers Status : skipped"}
{"level":"info","message":"Test Case Started : postUsers"}
{"level":"info","message":"Test Case Completed : postUsers Status : skipped"}
{"level":"info","message":"Test Case Started : Connect to Postgres DB"}
{"level":"info","message":"Test Case Completed : Connect to Postgres DB Status : skipped"}
{"level":"info","message":"Test Case Started : Verify Elements Page."}
{"level":"info","message":"Test Case Completed : Verify Elements Page. Status : skipped"}
{"level":"info","message":"Test Case Started : Create User - Navigate to Add New User Page"}
{"level":"info","message":"Executing Step : Fill and submit create user form"}
{"level":"info","message":"Executing Step : Verify user created successfully"}
{"level":"info","message":"Test Case Completed : Create User - Navigate to Add New User Page Status : passed"}
{"level":"info","message":"Test Case Started : Delete User - Remove Existing User"}
{"level":"info","message":"Executing Step : Create a user to delete"}
{"level":"info","message":"Executing Step : Delete the created user"}
{"level":"info","message":"Test Case Completed : Delete User - Remove Existing User Status : passed"}
{"level":"info","message":"Test Case Started : Edit User - Update Existing User Details"}
{"level":"info","message":"Executing Step : Create a user to edit"}
{"level":"info","message":"Executing Step : Edit the created user"}
{"level":"info","message":"Test Case Completed : Edit User - Update Existing User Details Status : passed"}
{"level":"info","message":"Test Case Started : Verify web-admin Login @Smoke"}
{"level":"info","message":"Executing Step : Navigate to web-admin login page"}
{"level":"info","message":"Executing Step : Verify login page is displayed"}
{"level":"info","message":"Executing Step : Enter valid username"}
{"level":"info","message":"Executing Step : Enter valid password"}
{"level":"info","message":"Executing Step : Click on login button"}
{"level":"info","message":"Executing Step : Verify user is successfully logged in"}
{"level":"info","message":"Test Case Completed : Verify web-admin Login @Smoke Status : passed"}
{"level":"info","message":"Test Case Started : Verify Elements Page."}
{"level":"info","message":"Test Case Completed : Verify Elements Page. Status : passed"}
{"level":"info","message":"Test Case Started : Create User - Navigate to Add New User Page"}
{"level":"info","message":"Test Case Completed : Create User - Navigate to Add New User Page Status : failed"}
{"level":"info","message":"Test Case Started : Delete User - Remove Existing User"}
{"level":"info","message":"Executing Step : Create a user to delete"}
{"level":"info","message":"Executing Step : Delete the created user"}
{"level":"info","message":"Test Case Completed : Delete User - Remove Existing User Status : passed"}
{"level":"info","message":"Test Case Started : Create User - Navigate to Add New User Page"}
{"level":"info","message":"Executing Step : Fill and submit create user form"}
{"level":"info","message":"Executing Step : Verify user created successfully"}
{"level":"info","message":"Test Case Completed : Create User - Navigate to Add New User Page Status : passed"}
{"level":"info","message":"Test Case Started : Edit User - Update Existing User Details"}
{"level":"info","message":"Executing Step : Create a user to edit"}
{"level":"info","message":"Executing Step : Edit the created user"}
{"level":"info","message":"Test Case Completed : Edit User - Update Existing User Details Status : passed"}
{"level":"info","message":"Test Case Started : Create User - Navigate to Add New User Page"}
{"level":"info","message":"Executing Step : Fill and submit create user form"}
{"level":"info","message":"Executing Step : Verify user created successfully"}
{"level":"info","message":"Test Case Completed : Create User - Navigate to Add New User Page Status : passed"}
{"level":"info","message":"Test Case Started : Create User - Navigate to Add New User Page"}
{"level":"info","message":"Executing Step : Fill and submit create user form"}
{"level":"info","message":"Executing Step : Verify user created successfully"}
{"level":"info","message":"Test Case Completed : Create User - Navigate to Add New User Page Status : passed"}
{"level":"info","message":"Test Case Started : Delete User - Remove Existing User"}
{"level":"info","message":"Test Case Completed : Delete User - Remove Existing User Status : failed"}
{"level":"info","message":"Test Case Started : Delete User - Remove Existing User"}
{"level":"info","message":"Test Case Completed : Delete User - Remove Existing User Status : failed"}
{"level":"info","message":"Test Case Started : Create User - Navigate to Add New User Page"}
{"level":"info","message":"Executing Step : Navigate to login page"}
{"level":"info","message":"Test Case Completed : Create User - Navigate to Add New User Page Status : failed"}
{"level":"info","message":"Test Case Started : Create User - Navigate to Add New User Page"}
{"level":"info","message":"Executing Step : Navigate to login page"}
{"level":"info","message":"Test Case Completed : Create User - Navigate to Add New User Page Status : failed"}
{"level":"info","message":"Test Case Started : Verify web-admin Login @Smoke"}
{"level":"info","message":"Executing Step : Navigate to web-admin login page"}
{"level":"info","message":"Executing Step : Verify login page is displayed"}
{"level":"info","message":"Test Case Completed : Verify web-admin Login @Smoke Status : failed"}
{"level":"info","message":"Test Case Started : test"}
{"level":"info","message":"Test Case Completed : test Status : passed"}
{"level":"info","message":"Test Case Started : Verify Page Accessibility"}
{"level":"info","message":"Test Case Completed : Verify Page Accessibility Status : passed"}
{"level":"info","message":"Test Case Started : getUsers"}
{"level":"info","message":"Test Case Completed : getUsers Status : skipped"}
{"level":"info","message":"Test Case Started : postUsers"}
{"level":"info","message":"Test Case Completed : postUsers Status : skipped"}
{"level":"info","message":"Test Case Started : Connect to Postgres DB"}
{"level":"info","message":"Test Case Completed : Connect to Postgres DB Status : skipped"}
{"level":"info","message":"Test Case Started : Verify Elements Page."}
{"level":"info","message":"Test Case Completed : Verify Elements Page. Status : skipped"}
{"level":"info","message":"Test Case Started : Create User - Navigate to Add New User Page"}
{"level":"info","message":"Executing Step : Navigate to login page"}
{"level":"info","message":"Test Case Completed : Create User - Navigate to Add New User Page Status : failed"}
{"level":"info","message":"Test Case Started : Delete User - Remove Existing User"}
{"level":"info","message":"Test Case Completed : Delete User - Remove Existing User Status : failed"}
{"level":"info","message":"Test Case Started : Edit User - Update Existing User Details"}
{"level":"info","message":"Test Case Completed : Edit User - Update Existing User Details Status : failed"}
{"level":"info","message":"Test Case Started : Verify web-admin Login @Smoke"}
{"level":"info","message":"Executing Step : Navigate to web-admin login page"}
{"level":"info","message":"Executing Step : Verify login page is displayed"}
{"level":"info","message":"Test Case Completed : Verify web-admin Login @Smoke Status : failed"}
{"level":"info","message":"Test Case Started : Verify Elements Page."}
{"level":"info","message":"Test Case Completed : Verify Elements Page. Status : passed"}
{"level":"info","message":"Test Case Started : test"}
{"level":"info","message":"Test Case Completed : test Status : passed"}
{"level":"info","message":"Test Case Started : Verify Page Accessibility"}
{"level":"info","message":"Test Case Completed : Verify Page Accessibility Status : passed"}
{"level":"info","message":"Test Case Started : getUsers"}
{"level":"info","message":"Test Case Completed : getUsers Status : skipped"}
{"level":"info","message":"Test Case Started : postUsers"}
{"level":"info","message":"Test Case Completed : postUsers Status : skipped"}
{"level":"info","message":"Test Case Started : Connect to Postgres DB"}
{"level":"info","message":"Test Case Completed : Connect to Postgres DB Status : skipped"}
{"level":"info","message":"Test Case Started : Verify Elements Page."}
{"level":"info","message":"Test Case Completed : Verify Elements Page. Status : skipped"}
{"level":"info","message":"Test Case Started : Create User - Navigate to Add New User Page"}
{"level":"info","message":"Executing Step : Navigate to login page"}
{"level":"info","message":"Test Case Completed : Create User - Navigate to Add New User Page Status : failed"}
{"level":"info","message":"Test Case Started : Delete User - Remove Existing User"}
{"level":"info","message":"Test Case Completed : Delete User - Remove Existing User Status : failed"}
{"level":"info","message":"Test Case Started : Edit User - Update Existing User Details"}
{"level":"info","message":"Test Case Completed : Edit User - Update Existing User Details Status : failed"}
{"level":"info","message":"Test Case Started : Verify web-admin Login @Smoke"}
{"level":"info","message":"Executing Step : Navigate to web-admin login page"}
{"level":"info","message":"Executing Step : Verify login page is displayed"}
{"level":"info","message":"Test Case Completed : Verify web-admin Login @Smoke Status : failed"}
{"level":"info","message":"Test Case Started : Verify Elements Page."}
{"level":"info","message":"Test Case Completed : Verify Elements Page. Status : passed"}
{"level":"info","message":"Test Case Started : test"}
{"level":"info","message":"Test Case Completed : test Status : passed"}
{"level":"info","message":"Test Case Started : Verify Page Accessibility"}
{"level":"info","message":"Test Case Completed : Verify Page Accessibility Status : passed"}
{"level":"info","message":"Test Case Started : getUsers"}
{"level":"info","message":"Test Case Completed : getUsers Status : skipped"}
{"level":"info","message":"Test Case Started : postUsers"}
{"level":"info","message":"Test Case Completed : postUsers Status : skipped"}
{"level":"info","message":"Test Case Started : Connect to Postgres DB"}
{"level":"info","message":"Test Case Completed : Connect to Postgres DB Status : skipped"}
{"level":"info","message":"Test Case Started : Verify Elements Page."}
{"level":"info","message":"Test Case Completed : Verify Elements Page. Status : skipped"}
{"level":"info","message":"Test Case Started : Create User - Navigate to Add New User Page"}
{"level":"info","message":"Executing Step : Navigate to login page"}
{"level":"info","message":"Test Case Completed : Create User - Navigate to Add New User Page Status : failed"}
{"level":"info","message":"Test Case Started : Delete User - Remove Existing User"}
{"level":"info","message":"Test Case Completed : Delete User - Remove Existing User Status : failed"}
{"level":"info","message":"Test Case Started : Edit User - Update Existing User Details"}
{"level":"info","message":"Test Case Completed : Edit User - Update Existing User Details Status : failed"}
{"level":"info","message":"Test Case Started : Verify web-admin Login @Smoke"}
{"level":"info","message":"Executing Step : Navigate to web-admin login page"}
{"level":"info","message":"Executing Step : Verify login page is displayed"}
{"level":"info","message":"Test Case Completed : Verify web-admin Login @Smoke Status : failed"}
{"level":"info","message":"Test Case Started : Verify Elements Page."}
{"level":"info","message":"Test Case Completed : Verify Elements Page. Status : passed"}
{"level":"error","message":"Error: No tests found.\nMake sure that arguments are regular expressions matching test files.\nYou may need to escape symbols like \"$\" or \"*\" and quote the arguments."}
{"level":"info","message":"Test Case Started : Verify web-admin Login @Smoke"}
{"level":"info","message":"Executing Step : Navigate to web-admin login page"}
{"level":"info","message":"Executing Step : Verify login page is displayed"}
{"level":"info","message":"Executing Step : Enter valid username"}
{"level":"info","message":"Executing Step : Enter valid password"}
{"level":"info","message":"Executing Step : Click on login button"}
{"level":"info","message":"Executing Step : Verify user is successfully logged in"}
{"level":"info","message":"Test Case Completed : Verify web-admin Login @Smoke Status : failed"}
{"level":"info","message":"Test Case Started : Verify web-admin Login @Smoke"}
{"level":"info","message":"Executing Step : Navigate to web-admin login page"}
{"level":"info","message":"Executing Step : Verify login page is displayed"}
{"level":"info","message":"Executing Step : Enter valid username"}
{"level":"info","message":"Executing Step : Enter valid password"}
{"level":"info","message":"Executing Step : Click on login button"}
{"level":"info","message":"Executing Step : Verify user is successfully logged in"}
{"level":"info","message":"Test Case Completed : Verify web-admin Login @Smoke Status : passed"}
{"level":"info","message":"Test Case Started : test"}
{"level":"info","message":"Test Case Completed : test Status : passed"}
{"level":"info","message":"Test Case Started : Verify Page Accessibility"}
{"level":"info","message":"Test Case Completed : Verify Page Accessibility Status : passed"}
{"level":"info","message":"Test Case Started : getUsers"}
{"level":"info","message":"Test Case Completed : getUsers Status : skipped"}
{"level":"info","message":"Test Case Started : postUsers"}
{"level":"info","message":"Test Case Completed : postUsers Status : skipped"}
{"level":"info","message":"Test Case Started : Connect to Postgres DB"}
{"level":"info","message":"Test Case Completed : Connect to Postgres DB Status : skipped"}
{"level":"info","message":"Test Case Started : Verify Elements Page."}
{"level":"info","message":"Test Case Completed : Verify Elements Page. Status : skipped"}
{"level":"info","message":"Test Case Started : Create User - Navigate to Add New User Page"}
{"level":"info","message":"Executing Step : Navigate to login page"}
{"level":"info","message":"Test Case Completed : Create User - Navigate to Add New User Page Status : failed"}
{"level":"info","message":"Test Case Started : Delete User - Remove Existing User"}
{"level":"info","message":"Test Case Completed : Delete User - Remove Existing User Status : failed"}
{"level":"info","message":"Test Case Started : Edit User - Update Existing User Details"}
{"level":"info","message":"Test Case Completed : Edit User - Update Existing User Details Status : failed"}
{"level":"info","message":"Test Case Started : Verify web-admin Login @Smoke"}
{"level":"info","message":"Executing Step : Navigate to web-admin login page"}
{"level":"info","message":"Executing Step : Verify login page is displayed"}
{"level":"info","message":"Executing Step : Enter valid username"}
{"level":"info","message":"Executing Step : Enter valid password"}
{"level":"info","message":"Executing Step : Click on login button"}
{"level":"info","message":"Executing Step : Verify user is successfully logged in"}
{"level":"info","message":"Test Case Completed : Verify web-admin Login @Smoke Status : passed"}
{"level":"info","message":"Test Case Started : Verify Elements Page."}
{"level":"info","message":"Test Case Completed : Verify Elements Page. Status : passed"}
{"level":"info","message":"Test Case Started : Create User - Navigate to Add New User Page"}
{"level":"info","message":"Executing Step : Navigate to login page"}
{"level":"info","message":"Executing Step : Login to system"}
{"level":"info","message":"Executing Step : Navigate to Add New User page"}
{"level":"info","message":"Executing Step : Fill and submit create user form"}
{"level":"info","message":"Executing Step : Verify user created successfully"}
{"level":"info","message":"Test Case Completed : Create User - Navigate to Add New User Page Status : failed"}
{"level":"info","message":"Test Case Started : Delete User - Remove Existing User"}
{"level":"info","message":"Executing Step : Create a user to delete"}
{"level":"info","message":"Executing Step : Delete the created user"}
{"level":"info","message":"Test Case Completed : Delete User - Remove Existing User Status : failed"}
{"level":"info","message":"Test Case Started : Edit User - Update Existing User Details"}
{"level":"info","message":"Executing Step : Create a user to edit"}
{"level":"info","message":"Executing Step : Edit the created user"}
{"level":"info","message":"Test Case Completed : Edit User - Update Existing User Details Status : passed"}
{"level":"info","message":"Test Case Started : Create User - Navigate to Add New User Page"}
{"level":"info","message":"Executing Step : Navigate to login page"}
{"level":"info","message":"Executing Step : Login to system"}
{"level":"info","message":"Executing Step : Navigate to Add New User page"}
{"level":"info","message":"Executing Step : Fill and submit create user form"}
{"level":"info","message":"Executing Step : Verify user created successfully"}
{"level":"info","message":"Test Case Completed : Create User - Navigate to Add New User Page Status : passed"}
{"level":"info","message":"Test Case Started : Delete User - Remove Existing User"}
{"level":"info","message":"Executing Step : Create a user to delete"}
{"level":"info","message":"Test Case Completed : Delete User - Remove Existing User Status : failed"}
{"level":"info","message":"Test Case Started : Edit User - Update Existing User Details"}
{"level":"info","message":"Executing Step : Create a user to edit"}
{"level":"info","message":"Executing Step : Edit the created user"}
{"level":"info","message":"Test Case Completed : Edit User - Update Existing User Details Status : passed"}
{"level":"info","message":"Test Case Started : Delete User - Remove Existing User"}
{"level":"info","message":"Executing Step : Create a user to delete"}
{"level":"info","message":"Executing Step : Delete the created user"}
{"level":"info","message":"Test Case Completed : Delete User - Remove Existing User Status : failed"}
{"level":"info","message":"Test Case Started : Delete User - Remove Existing User"}
{"level":"info","message":"Executing Step : Create a user to delete"}
{"level":"info","message":"Executing Step : Delete the created user"}
{"level":"info","message":"Test Case Completed : Delete User - Remove Existing User Status : failed"}
{"level":"info","message":"Test Case Started : Delete User - Remove Existing User"}
{"level":"info","message":"Executing Step : Create a user to delete"}
{"level":"info","message":"Executing Step : Delete the created user"}
{"level":"info","message":"Test Case Completed : Delete User - Remove Existing User Status : passed"}
{"level":"info","message":"Test Case Started : Create User - Navigate to Add New User Page"}
{"level":"info","message":"Executing Step : Navigate to login page"}
{"level":"info","message":"Executing Step : Login to system"}
{"level":"info","message":"Executing Step : Navigate to Add New User page"}
{"level":"info","message":"Executing Step : Fill and submit create user form"}
{"level":"info","message":"Executing Step : Verify user created successfully"}
{"level":"info","message":"Test Case Completed : Create User - Navigate to Add New User Page Status : passed"}
{"level":"info","message":"Test Case Started : Delete User - Remove Existing User"}
{"level":"info","message":"Executing Step : Create a user to delete"}
{"level":"info","message":"Executing Step : Delete the created user"}
{"level":"info","message":"Test Case Completed : Delete User - Remove Existing User Status : passed"}
{"level":"info","message":"Test Case Started : Edit User - Update Existing User Details"}
{"level":"info","message":"Executing Step : Create a user to edit"}
{"level":"info","message":"Executing Step : Edit the created user"}
{"level":"info","message":"Test Case Completed : Edit User - Update Existing User Details Status : passed"}
{"level":"info","message":"Test Case Started : test"}
{"level":"info","message":"Test Case Completed : test Status : passed"}
{"level":"info","message":"Test Case Started : Verify Page Accessibility"}
{"level":"info","message":"Test Case Completed : Verify Page Accessibility Status : passed"}
{"level":"info","message":"Test Case Started : getUsers"}
{"level":"info","message":"Test Case Completed : getUsers Status : skipped"}
{"level":"info","message":"Test Case Started : postUsers"}
{"level":"info","message":"Test Case Completed : postUsers Status : skipped"}
{"level":"info","message":"Test Case Started : Connect to Postgres DB"}
{"level":"info","message":"Test Case Completed : Connect to Postgres DB Status : skipped"}
{"level":"info","message":"Test Case Started : Verify Elements Page."}
{"level":"info","message":"Test Case Completed : Verify Elements Page. Status : skipped"}
{"level":"info","message":"Test Case Started : Create User - Navigate to Add New User Page"}
{"level":"info","message":"Executing Step : Navigate to login page"}
{"level":"info","message":"Executing Step : Login to system"}
{"level":"info","message":"Executing Step : Navigate to Add New User page"}
{"level":"info","message":"Executing Step : Fill and submit create user form"}
{"level":"info","message":"Executing Step : Verify user created successfully"}
{"level":"info","message":"Test Case Completed : Create User - Navigate to Add New User Page Status : passed"}
{"level":"info","message":"Test Case Started : Delete User - Remove Existing User"}
{"level":"info","message":"Executing Step : Create a user to delete"}
{"level":"info","message":"Executing Step : Delete the created user"}
{"level":"info","message":"Test Case Completed : Delete User - Remove Existing User Status : passed"}
{"level":"info","message":"Test Case Started : Edit User - Update Existing User Details"}
{"level":"info","message":"Executing Step : Create a user to edit"}
{"level":"info","message":"Executing Step : Edit the created user"}
{"level":"info","message":"Test Case Completed : Edit User - Update Existing User Details Status : passed"}
{"level":"info","message":"Test Case Started : Verify web-admin Login @Smoke"}
{"level":"info","message":"Executing Step : Navigate to web-admin login page"}
{"level":"info","message":"Executing Step : Verify login page is displayed"}
{"level":"info","message":"Executing Step : Enter valid username"}
{"level":"info","message":"Executing Step : Enter valid password"}
{"level":"info","message":"Executing Step : Click on login button"}
{"level":"info","message":"Executing Step : Verify user is successfully logged in"}
{"level":"info","message":"Test Case Completed : Verify web-admin Login @Smoke Status : passed"}
{"level":"info","message":"Test Case Started : Verify Elements Page."}
{"level":"info","message":"Test Case Completed : Verify Elements Page. Status : passed"}
{"level":"info","message":"Test Case Started : Create User - Navigate to Add New User Page"}
{"level":"info","message":"Executing Step : Navigate to login page"}
{"level":"info","message":"Executing Step : Login to system"}
{"level":"info","message":"Executing Step : Navigate to Add New User page"}
{"level":"info","message":"Executing Step : Fill and submit create user form"}
{"level":"info","message":"Executing Step : Verify user created successfully"}
{"level":"info","message":"Test Case Completed : Create User - Navigate to Add New User Page Status : passed"}
{"level":"info","message":"Test Case Started : Delete User - Remove Existing User"}
{"level":"info","message":"Executing Step : Create a user to delete"}
{"level":"info","message":"Executing Step : Delete the created user"}
{"level":"info","message":"Test Case Completed : Delete User - Remove Existing User Status : passed"}
{"level":"info","message":"Test Case Started : test"}
{"level":"info","message":"Test Case Completed : test Status : passed"}
{"level":"info","message":"Test Case Started : Verify Page Accessibility"}
{"level":"info","message":"Test Case Completed : Verify Page Accessibility Status : passed"}
{"level":"info","message":"Test Case Started : getUsers"}
{"level":"info","message":"Test Case Completed : getUsers Status : skipped"}
{"level":"info","message":"Test Case Started : postUsers"}
{"level":"info","message":"Test Case Completed : postUsers Status : skipped"}
{"level":"info","message":"Test Case Started : Connect to Postgres DB"}
{"level":"info","message":"Test Case Completed : Connect to Postgres DB Status : skipped"}
{"level":"info","message":"Test Case Started : Verify Elements Page."}
{"level":"info","message":"Test Case Completed : Verify Elements Page. Status : skipped"}
{"level":"info","message":"Test Case Started : Verify web-admin Login @Smoke"}
{"level":"info","message":"Executing Step : Navigate to web-admin login page"}
{"level":"info","message":"Executing Step : Verify login page is displayed"}
{"level":"info","message":"Executing Step : Enter valid username"}
{"level":"info","message":"Executing Step : Enter valid password"}
{"level":"info","message":"Executing Step : Click on login button"}
{"level":"info","message":"Executing Step : Verify user is successfully logged in"}
{"level":"info","message":"Test Case Completed : Verify web-admin Login @Smoke Status : passed"}
{"level":"info","message":"Test Case Started : Create User - Navigate to Add New User Page"}
{"level":"info","message":"Executing Step : Navigate to login page"}
{"level":"info","message":"Executing Step : Login to system"}
{"level":"info","message":"Executing Step : Navigate to Add New User page"}
{"level":"info","message":"Executing Step : Fill and submit create user form"}
{"level":"info","message":"Executing Step : Verify user created successfully"}
{"level":"info","message":"Test Case Completed : Create User - Navigate to Add New User Page Status : passed"}
{"level":"info","message":"Test Case Started : Delete User - Remove Existing User"}
{"level":"info","message":"Executing Step : Create a user to delete"}
{"level":"info","message":"Executing Step : Delete the created user"}
{"level":"info","message":"Test Case Completed : Delete User - Remove Existing User Status : passed"}
{"level":"info","message":"Test Case Started : Edit User - Update Existing User Details"}
{"level":"info","message":"Executing Step : Create a user to edit"}
{"level":"info","message":"Executing Step : Edit the created user"}
{"level":"info","message":"Test Case Completed : Edit User - Update Existing User Details Status : passed"}
{"level":"info","message":"Test Case Started : Verify Elements Page."}
{"level":"info","message":"Test Case Completed : Verify Elements Page. Status : passed"}
{"level":"info","message":"Test Case Started : Edit User - Update Existing User Details"}
{"level":"info","message":"Executing Step : Create a user to edit"}
{"level":"info","message":"Executing Step : Edit the created user"}
{"level":"info","message":"Test Case Completed : Edit User - Update Existing User Details Status : passed"}
{"level":"info","message":"Test Case Started : Verify web-admin Login @Smoke"}
{"level":"info","message":"Executing Step : Navigate to web-admin login page"}
{"level":"info","message":"Executing Step : Verify login page is displayed"}
{"level":"info","message":"Executing Step : Enter valid username"}
{"level":"info","message":"Executing Step : Enter valid password"}
{"level":"info","message":"Executing Step : Click on login button"}
{"level":"info","message":"Executing Step : Verify user is successfully logged in"}
{"level":"info","message":"Test Case Completed : Verify web-admin Login @Smoke Status : passed"}
{"level":"info","message":"Test Case Started : Verify web-admin Login @Smoke"}
{"level":"info","message":"Executing Step : Navigate to web-admin login page"}
{"level":"info","message":"Executing Step : Verify login page is displayed"}
{"level":"info","message":"Executing Step : Enter valid username"}
{"level":"info","message":"Executing Step : Enter valid password"}
{"level":"info","message":"Executing Step : Click on login button"}
{"level":"info","message":"Executing Step : Verify user is successfully logged in"}
{"level":"info","message":"Test Case Completed : Verify web-admin Login @Smoke Status : passed"}
{"level":"info","message":"Test Case Started : test"}
{"level":"info","message":"Test Case Completed : test Status : passed"}
{"level":"info","message":"Test Case Started : Verify Page Accessibility"}
{"level":"info","message":"Test Case Completed : Verify Page Accessibility Status : passed"}
{"level":"info","message":"Test Case Started : getUsers"}
{"level":"info","message":"Test Case Completed : getUsers Status : skipped"}
{"level":"info","message":"Test Case Started : postUsers"}
{"level":"info","message":"Test Case Completed : postUsers Status : skipped"}
{"level":"info","message":"Test Case Started : Connect to Postgres DB"}
{"level":"info","message":"Test Case Completed : Connect to Postgres DB Status : skipped"}
{"level":"info","message":"Test Case Started : Verify Elements Page."}
{"level":"info","message":"Test Case Completed : Verify Elements Page. Status : skipped"}
{"level":"info","message":"Test Case Started : Verify web-admin Login @Smoke"}
{"level":"info","message":"Executing Step : Navigate to web-admin login page"}
{"level":"info","message":"Executing Step : Verify login page is displayed"}
{"level":"info","message":"Executing Step : Enter valid username"}
{"level":"info","message":"Executing Step : Enter valid password"}
{"level":"info","message":"Executing Step : Click on login button"}
{"level":"info","message":"Executing Step : Verify user is successfully logged in"}
{"level":"info","message":"Test Case Completed : Verify web-admin Login @Smoke Status : passed"}
{"level":"info","message":"Test Case Started : Create User - Navigate to Add New User Page"}
{"level":"info","message":"Executing Step : Navigate to login page"}
{"level":"info","message":"Executing Step : Login to system"}
{"level":"info","message":"Executing Step : Navigate to Add New User page"}
{"level":"info","message":"Executing Step : Fill and submit create user form"}
{"level":"info","message":"Executing Step : Verify user created successfully"}
{"level":"info","message":"Test Case Completed : Create User - Navigate to Add New User Page Status : passed"}
{"level":"info","message":"Test Case Started : Delete User - Remove Existing User"}
{"level":"info","message":"Executing Step : Create a user to delete"}
{"level":"info","message":"Executing Step : Delete the created user"}
{"level":"info","message":"Test Case Completed : Delete User - Remove Existing User Status : passed"}
{"level":"info","message":"Test Case Started : Edit User - Update Existing User Details"}
{"level":"info","message":"Executing Step : Create a user to edit"}
{"level":"info","message":"Executing Step : Edit the created user"}
{"level":"info","message":"Test Case Completed : Edit User - Update Existing User Details Status : passed"}
{"level":"info","message":"Test Case Started : Verify Elements Page."}
{"level":"info","message":"Test Case Completed : Verify Elements Page. Status : failed"}
{"level":"info","message":"Test Case Started : test"}
{"level":"info","message":"Test Case Completed : test Status : passed"}
{"level":"info","message":"Test Case Started : Verify Page Accessibility"}
{"level":"info","message":"Test Case Completed : Verify Page Accessibility Status : passed"}
{"level":"info","message":"Test Case Started : getUsers"}
{"level":"info","message":"Test Case Completed : getUsers Status : skipped"}
{"level":"info","message":"Test Case Started : postUsers"}
{"level":"info","message":"Test Case Completed : postUsers Status : skipped"}
{"level":"info","message":"Test Case Started : Connect to Postgres DB"}
{"level":"info","message":"Test Case Completed : Connect to Postgres DB Status : skipped"}
{"level":"info","message":"Test Case Started : Verify Elements Page."}
{"level":"info","message":"Test Case Completed : Verify Elements Page. Status : skipped"}
{"level":"info","message":"Test Case Started : Verify web-admin Login @Smoke"}
{"level":"info","message":"Executing Step : Navigate to web-admin login page"}
{"level":"info","message":"Executing Step : Verify login page is displayed"}
{"level":"info","message":"Executing Step : Enter valid username"}
{"level":"info","message":"Executing Step : Enter valid password"}
{"level":"info","message":"Executing Step : Click on login button"}
{"level":"info","message":"Executing Step : Verify user is successfully logged in"}
{"level":"info","message":"Test Case Completed : Verify web-admin Login @Smoke Status : passed"}
{"level":"info","message":"Test Case Started : Create User - Navigate to Add New User Page"}
{"level":"info","message":"Executing Step : Navigate to login page"}
{"level":"info","message":"Executing Step : Login to system"}
{"level":"info","message":"Executing Step : Navigate to Add New User page"}
{"level":"info","message":"Executing Step : Fill and submit create user form"}
{"level":"info","message":"Executing Step : Verify user created successfully"}
{"level":"info","message":"Test Case Completed : Create User - Navigate to Add New User Page Status : passed"}
{"level":"info","message":"Test Case Started : Delete User - Remove Existing User"}
{"level":"info","message":"Executing Step : Create a user to delete"}
{"level":"info","message":"Executing Step : Delete the created user"}
{"level":"info","message":"Test Case Completed : Delete User - Remove Existing User Status : passed"}
{"level":"info","message":"Test Case Started : Edit User - Update Existing User Details"}
{"level":"info","message":"Executing Step : Create a user to edit"}
{"level":"info","message":"Executing Step : Edit the created user"}
{"level":"info","message":"Test Case Completed : Edit User - Update Existing User Details Status : passed"}
{"level":"info","message":"Test Case Started : Verify Elements Page."}
{"level":"info","message":"Test Case Completed : Verify Elements Page. Status : failed"}
{"level":"info","message":"Test Case Started : test"}
{"level":"info","message":"Test Case Completed : test Status : passed"}
{"level":"info","message":"Test Case Started : Verify Page Accessibility"}
{"level":"info","message":"Test Case Completed : Verify Page Accessibility Status : passed"}
{"level":"info","message":"Test Case Started : getUsers"}
{"level":"info","message":"Test Case Completed : getUsers Status : skipped"}
{"level":"info","message":"Test Case Started : postUsers"}
{"level":"info","message":"Test Case Completed : postUsers Status : skipped"}
{"level":"info","message":"Test Case Started : Connect to Postgres DB"}
{"level":"info","message":"Test Case Completed : Connect to Postgres DB Status : skipped"}
{"level":"info","message":"Test Case Started : Verify Elements Page."}
{"level":"info","message":"Test Case Completed : Verify Elements Page. Status : skipped"}
{"level":"info","message":"Test Case Started : Verify web-admin Login @Smoke"}
{"level":"info","message":"Executing Step : Navigate to web-admin login page"}
{"level":"info","message":"Executing Step : Verify login page is displayed"}
{"level":"info","message":"Executing Step : Enter valid username"}
{"level":"info","message":"Executing Step : Enter valid password"}
{"level":"info","message":"Executing Step : Click on login button"}
{"level":"info","message":"Executing Step : Verify user is successfully logged in"}
{"level":"info","message":"Test Case Completed : Verify web-admin Login @Smoke Status : passed"}
{"level":"info","message":"Test Case Started : Create User - Navigate to Add New User Page"}
{"level":"info","message":"Executing Step : Navigate to login page"}
{"level":"info","message":"Executing Step : Login to system"}
{"level":"info","message":"Executing Step : Navigate to Add New User page"}
{"level":"info","message":"Executing Step : Fill and submit create user form"}
{"level":"info","message":"Executing Step : Verify user created successfully"}
{"level":"info","message":"Test Case Completed : Create User - Navigate to Add New User Page Status : passed"}
{"level":"info","message":"Test Case Started : Delete User - Remove Existing User"}
{"level":"info","message":"Executing Step : Create a user to delete"}
{"level":"info","message":"Executing Step : Delete the created user"}
{"level":"info","message":"Test Case Completed : Delete User - Remove Existing User Status : passed"}
{"level":"info","message":"Test Case Started : Edit User - Update Existing User Details"}
{"level":"info","message":"Executing Step : Create a user to edit"}
{"level":"info","message":"Executing Step : Edit the created user"}
{"level":"info","message":"Test Case Completed : Edit User - Update Existing User Details Status : passed"}
{"level":"info","message":"Test Case Started : Verify Elements Page."}
{"level":"info","message":"Test Case Completed : Verify Elements Page. Status : failed"}
{"level":"info","message":"Test Case Started : Verify web-admin Login @Smoke"}
{"level":"info","message":"Executing Step : Navigate to web-admin login page"}
{"level":"info","message":"Test Case Started : Verify web-admin Login @Smoke"}
{"level":"info","message":"Executing Step : Verify login page is displayed"}
{"level":"info","message":"Executing Step : Enter valid username"}
{"level":"info","message":"Executing Step : Enter valid password"}
{"level":"info","message":"Executing Step : Click on login button"}
{"level":"info","message":"Executing Step : Verify user is successfully logged in"}
{"level":"info","message":"Executing Step : Navigate to web-admin login page"}
{"level":"info","message":"Executing Step : Verify login page is displayed"}
{"level":"info","message":"Executing Step : Enter valid username"}
{"level":"info","message":"Executing Step : Enter valid password"}
{"level":"info","message":"Executing Step : Click on login button"}
{"level":"info","message":"Executing Step : Verify user is successfully logged in"}
{"level":"info","message":"Test Case Completed : Verify web-admin Login @Smoke Status : passed"}
{"level":"info","message":"Test Case Completed : Verify web-admin Login @Smoke Status : passed"}
{"level":"info","message":"Test Case Started : test"}
{"level":"info","message":"Test Case Completed : test Status : passed"}
{"level":"info","message":"Test Case Started : Verify Page Accessibility"}
{"level":"info","message":"Test Case Completed : Verify Page Accessibility Status : passed"}
{"level":"info","message":"Test Case Started : getUsers"}
{"level":"info","message":"Test Case Completed : getUsers Status : skipped"}
{"level":"info","message":"Test Case Started : postUsers"}
{"level":"info","message":"Test Case Completed : postUsers Status : skipped"}
{"level":"info","message":"Test Case Started : Connect to Postgres DB"}
{"level":"info","message":"Test Case Completed : Connect to Postgres DB Status : skipped"}
{"level":"info","message":"Test Case Started : Verify Elements Page."}
{"level":"info","message":"Test Case Completed : Verify Elements Page. Status : skipped"}
{"level":"info","message":"Test Case Started : Verify web-admin Login @Smoke"}
{"level":"info","message":"Executing Step : Navigate to web-admin login page"}
{"level":"info","message":"Executing Step : Verify login page is displayed"}
{"level":"info","message":"Executing Step : Enter valid username"}
{"level":"info","message":"Executing Step : Enter valid password"}
{"level":"info","message":"Executing Step : Click on login button"}
{"level":"info","message":"Executing Step : Verify user is successfully logged in"}
{"level":"info","message":"Test Case Completed : Verify web-admin Login @Smoke Status : passed"}
{"level":"info","message":"Test Case Started : Create User - Navigate to Add New User Page"}
{"level":"info","message":"Executing Step : Navigate to login page"}
{"level":"info","message":"Executing Step : Login to system"}
{"level":"info","message":"Executing Step : Navigate to Add New User page"}
{"level":"info","message":"Executing Step : Fill and submit create user form"}
{"level":"info","message":"Executing Step : Verify user created successfully"}
{"level":"info","message":"Test Case Completed : Create User - Navigate to Add New User Page Status : passed"}
{"level":"info","message":"Test Case Started : Delete User - Remove Existing User"}
{"level":"info","message":"Executing Step : Create a user to delete"}
{"level":"info","message":"Executing Step : Delete the created user"}
{"level":"info","message":"Test Case Completed : Delete User - Remove Existing User Status : passed"}
{"level":"info","message":"Test Case Started : Edit User - Update Existing User Details"}
{"level":"info","message":"Executing Step : Create a user to edit"}
{"level":"info","message":"Executing Step : Edit the created user"}
{"level":"info","message":"Test Case Completed : Edit User - Update Existing User Details Status : passed"}
{"level":"info","message":"Test Case Started : Verify Elements Page."}
{"level":"info","message":"Test Case Completed : Verify Elements Page. Status : failed"}
{"level":"info","message":"Test Case Started : Create User - Navigate to Add New User Page"}
{"level":"info","message":"Executing Step : Navigate to login page"}
{"level":"info","message":"Executing Step : Login to system"}
{"level":"info","message":"Executing Step : Navigate to Add New User page"}
{"level":"info","message":"Executing Step : Fill and submit create user form"}
{"level":"info","message":"Executing Step : Verify user created successfully"}
{"level":"info","message":"Test Case Completed : Create User - Navigate to Add New User Page Status : passed"}
{"level":"info","message":"Test Case Started : test"}
{"level":"info","message":"Test Case Completed : test Status : passed"}
{"level":"info","message":"Test Case Started : Verify Page Accessibility"}
{"level":"info","message":"Test Case Completed : Verify Page Accessibility Status : passed"}
{"level":"info","message":"Test Case Started : getUsers"}
{"level":"info","message":"Test Case Completed : getUsers Status : skipped"}
{"level":"info","message":"Test Case Started : postUsers"}
{"level":"info","message":"Test Case Completed : postUsers Status : skipped"}
{"level":"info","message":"Test Case Started : Connect to Postgres DB"}
{"level":"info","message":"Test Case Completed : Connect to Postgres DB Status : skipped"}
{"level":"info","message":"Test Case Started : Verify Elements Page."}
{"level":"info","message":"Test Case Completed : Verify Elements Page. Status : skipped"}
{"level":"info","message":"Test Case Started : Verify web-admin Login @Smoke"}
{"level":"info","message":"Executing Step : Navigate to web-admin login page"}
{"level":"info","message":"Executing Step : Verify login page is displayed"}
{"level":"info","message":"Executing Step : Enter valid username"}
{"level":"info","message":"Executing Step : Enter valid password"}
{"level":"info","message":"Executing Step : Click on login button"}
{"level":"info","message":"Executing Step : Verify user is successfully logged in"}
{"level":"info","message":"Test Case Completed : Verify web-admin Login @Smoke Status : passed"}
{"level":"info","message":"Test Case Started : Create User - Navigate to Add New User Page"}
{"level":"info","message":"Executing Step : Navigate to login page"}
{"level":"info","message":"Executing Step : Login to system"}
{"level":"info","message":"Executing Step : Navigate to Add New User page"}
{"level":"info","message":"Executing Step : Fill and submit create user form"}
{"level":"info","message":"Executing Step : Verify user created successfully"}
{"level":"info","message":"Test Case Completed : Create User - Navigate to Add New User Page Status : passed"}
{"level":"info","message":"Test Case Started : Delete User - Remove Existing User"}
{"level":"info","message":"Executing Step : Create a user to delete"}
{"level":"info","message":"Executing Step : Delete the created user"}
{"level":"info","message":"Test Case Completed : Delete User - Remove Existing User Status : passed"}
{"level":"info","message":"Test Case Started : Edit User - Update Existing User Details"}
{"level":"info","message":"Executing Step : Create a user to edit"}
{"level":"info","message":"Executing Step : Edit the created user"}
{"level":"info","message":"Test Case Completed : Edit User - Update Existing User Details Status : passed"}
{"level":"info","message":"Test Case Started : Verify Elements Page."}
{"level":"info","message":"Test Case Completed : Verify Elements Page. Status : failed"}
{"level":"info","message":"Test Case Started : test"}
{"level":"info","message":"Test Case Completed : test Status : passed"}
{"level":"info","message":"Test Case Started : Verify Page Accessibility"}
{"level":"info","message":"Test Case Completed : Verify Page Accessibility Status : passed"}
{"level":"info","message":"Test Case Started : getUsers"}
{"level":"info","message":"Test Case Completed : getUsers Status : skipped"}
{"level":"info","message":"Test Case Started : postUsers"}
{"level":"info","message":"Test Case Completed : postUsers Status : skipped"}
{"level":"info","message":"Test Case Started : Connect to Postgres DB"}
{"level":"info","message":"Test Case Completed : Connect to Postgres DB Status : skipped"}
{"level":"info","message":"Test Case Started : Verify Elements Page."}
{"level":"info","message":"Test Case Completed : Verify Elements Page. Status : skipped"}
{"level":"info","message":"Test Case Started : Verify web-admin Login @Smoke"}
{"level":"info","message":"Executing Step : Navigate to web-admin login page"}
{"level":"info","message":"Executing Step : Verify login page is displayed"}
{"level":"info","message":"Executing Step : Enter valid username"}
{"level":"info","message":"Executing Step : Enter valid password"}
{"level":"info","message":"Executing Step : Click on login button"}
{"level":"info","message":"Executing Step : Verify user is successfully logged in"}
{"level":"info","message":"Test Case Completed : Verify web-admin Login @Smoke Status : passed"}
{"level":"info","message":"Test Case Started : Create User - Navigate to Add New User Page"}
{"level":"info","message":"Executing Step : Navigate to login page"}
{"level":"info","message":"Executing Step : Login to system"}
{"level":"info","message":"Executing Step : Navigate to Add New User page"}
{"level":"info","message":"Executing Step : Fill and submit create user form"}
{"level":"info","message":"Executing Step : Verify user created successfully"}
{"level":"info","message":"Test Case Completed : Create User - Navigate to Add New User Page Status : passed"}
{"level":"info","message":"Test Case Started : Delete User - Remove Existing User"}
{"level":"info","message":"Executing Step : Create a user to delete"}
{"level":"info","message":"Executing Step : Delete the created user"}
{"level":"info","message":"Test Case Completed : Delete User - Remove Existing User Status : passed"}
{"level":"info","message":"Test Case Started : Edit User - Update Existing User Details"}
{"level":"info","message":"Executing Step : Create a user to edit"}
{"level":"info","message":"Executing Step : Edit the created user"}
{"level":"info","message":"Test Case Completed : Edit User - Update Existing User Details Status : passed"}
{"level":"info","message":"Test Case Started : Verify Elements Page."}
{"level":"info","message":"Test Case Completed : Verify Elements Page. Status : failed"}
{"level":"info","message":"Test Case Started : test"}
{"level":"info","message":"Test Case Completed : test Status : passed"}
{"level":"info","message":"Test Case Started : Verify Page Accessibility"}
{"level":"info","message":"Test Case Completed : Verify Page Accessibility Status : passed"}
{"level":"info","message":"Test Case Started : getUsers"}
{"level":"info","message":"Test Case Completed : getUsers Status : skipped"}
{"level":"info","message":"Test Case Started : postUsers"}
{"level":"info","message":"Test Case Completed : postUsers Status : skipped"}
{"level":"info","message":"Test Case Started : Connect to Postgres DB"}
{"level":"info","message":"Test Case Completed : Connect to Postgres DB Status : skipped"}
{"level":"info","message":"Test Case Started : Verify Elements Page."}
{"level":"info","message":"Test Case Completed : Verify Elements Page. Status : skipped"}
{"level":"info","message":"Test Case Started : Verify web-admin Login @Smoke"}
{"level":"info","message":"Executing Step : Navigate to web-admin login page"}
{"level":"info","message":"Executing Step : Verify login page is displayed"}
{"level":"info","message":"Executing Step : Enter valid username"}
{"level":"info","message":"Executing Step : Enter valid password"}
{"level":"info","message":"Executing Step : Click on login button"}
{"level":"info","message":"Executing Step : Verify user is successfully logged in"}
{"level":"info","message":"Test Case Completed : Verify web-admin Login @Smoke Status : passed"}
{"level":"info","message":"Test Case Started : Create User - Navigate to Add New User Page"}
{"level":"info","message":"Executing Step : Navigate to login page"}
{"level":"info","message":"Executing Step : Login to system"}
{"level":"info","message":"Executing Step : Navigate to Add New User page"}
{"level":"info","message":"Executing Step : Fill and submit create user form"}
{"level":"info","message":"Executing Step : Verify user created successfully"}
{"level":"info","message":"Test Case Completed : Create User - Navigate to Add New User Page Status : passed"}
{"level":"info","message":"Test Case Started : Delete User - Remove Existing User"}
{"level":"info","message":"Executing Step : Create a user to delete"}
{"level":"info","message":"Executing Step : Delete the created user"}
{"level":"info","message":"Test Case Completed : Delete User - Remove Existing User Status : passed"}
{"level":"info","message":"Test Case Started : Edit User - Update Existing User Details"}
{"level":"info","message":"Executing Step : Create a user to edit"}
{"level":"info","message":"Executing Step : Edit the created user"}
{"level":"info","message":"Test Case Completed : Edit User - Update Existing User Details Status : passed"}
{"level":"info","message":"Test Case Started : Verify Elements Page."}
{"level":"info","message":"Test Case Completed : Verify Elements Page. Status : passed"}
{"level":"info","message":"Test Case Started : test"}
{"level":"info","message":"Test Case Completed : test Status : passed"}
{"level":"info","message":"Test Case Started : Verify Page Accessibility"}
{"level":"info","message":"Test Case Completed : Verify Page Accessibility Status : passed"}
{"level":"info","message":"Test Case Started : getUsers"}
{"level":"info","message":"Test Case Completed : getUsers Status : skipped"}
{"level":"info","message":"Test Case Started : postUsers"}
{"level":"info","message":"Test Case Completed : postUsers Status : skipped"}
{"level":"info","message":"Test Case Started : Connect to Postgres DB"}
{"level":"info","message":"Test Case Completed : Connect to Postgres DB Status : skipped"}
{"level":"info","message":"Test Case Started : Verify Elements Page."}
{"level":"info","message":"Test Case Completed : Verify Elements Page. Status : skipped"}
{"level":"info","message":"Test Case Started : Verify web-admin Login @Smoke"}
{"level":"info","message":"Executing Step : Navigate to web-admin login page"}
{"level":"info","message":"Executing Step : Verify login page is displayed"}
{"level":"info","message":"Executing Step : Enter valid username"}
{"level":"info","message":"Executing Step : Enter valid password"}
{"level":"info","message":"Executing Step : Click on login button"}
{"level":"info","message":"Executing Step : Verify user is successfully logged in"}
{"level":"info","message":"Test Case Completed : Verify web-admin Login @Smoke Status : passed"}
{"level":"info","message":"Test Case Started : Create User - Navigate to Add New User Page"}
{"level":"info","message":"Executing Step : Navigate to login page"}
{"level":"info","message":"Executing Step : Login to system"}
{"level":"info","message":"Executing Step : Navigate to Add New User page"}
{"level":"info","message":"Executing Step : Fill and submit create user form"}
{"level":"info","message":"Executing Step : Verify user created successfully"}
{"level":"info","message":"Test Case Completed : Create User - Navigate to Add New User Page Status : passed"}
{"level":"info","message":"Test Case Started : Delete User - Remove Existing User"}
{"level":"info","message":"Executing Step : Create a user to delete"}
{"level":"info","message":"Executing Step : Delete the created user"}
{"level":"info","message":"Test Case Completed : Delete User - Remove Existing User Status : passed"}
{"level":"info","message":"Test Case Started : Edit User - Update Existing User Details"}
{"level":"info","message":"Executing Step : Create a user to edit"}
{"level":"info","message":"Executing Step : Edit the created user"}
{"level":"info","message":"Test Case Completed : Edit User - Update Existing User Details Status : passed"}
{"level":"info","message":"Test Case Started : Verify Elements Page."}
{"level":"info","message":"Test Case Completed : Verify Elements Page. Status : passed"}
{"level":"info","message":"Test Case Started : test"}
{"level":"info","message":"Test Case Completed : test Status : passed"}
{"level":"info","message":"Test Case Started : Verify Page Accessibility"}
{"level":"info","message":"Test Case Completed : Verify Page Accessibility Status : passed"}
{"level":"info","message":"Test Case Started : getUsers"}
{"level":"info","message":"Test Case Completed : getUsers Status : skipped"}
{"level":"info","message":"Test Case Started : postUsers"}
{"level":"info","message":"Test Case Completed : postUsers Status : skipped"}
{"level":"info","message":"Test Case Started : Connect to Postgres DB"}
{"level":"info","message":"Test Case Completed : Connect to Postgres DB Status : skipped"}
{"level":"info","message":"Test Case Started : Verify Elements Page."}
{"level":"info","message":"Test Case Completed : Verify Elements Page. Status : skipped"}
{"level":"info","message":"Test Case Started : Verify web-admin Login @Smoke"}
{"level":"info","message":"Executing Step : Navigate to web-admin login page"}
{"level":"info","message":"Executing Step : Verify login page is displayed"}
{"level":"info","message":"Executing Step : Enter valid username"}
{"level":"info","message":"Executing Step : Enter valid password"}
{"level":"info","message":"Executing Step : Click on login button"}
{"level":"info","message":"Executing Step : Verify user is successfully logged in"}
{"level":"info","message":"Test Case Completed : Verify web-admin Login @Smoke Status : passed"}
{"level":"info","message":"Test Case Started : Create User - Navigate to Add New User Page"}
{"level":"info","message":"Executing Step : Navigate to login page"}
{"level":"info","message":"Executing Step : Login to system"}
{"level":"info","message":"Executing Step : Navigate to Add New User page"}
{"level":"info","message":"Executing Step : Fill and submit create user form"}
{"level":"info","message":"Executing Step : Verify user created successfully"}
{"level":"info","message":"Test Case Completed : Create User - Navigate to Add New User Page Status : passed"}
{"level":"info","message":"Test Case Started : Delete User - Remove Existing User"}
{"level":"info","message":"Executing Step : Create a user to delete"}
{"level":"info","message":"Executing Step : Delete the created user"}
{"level":"info","message":"Test Case Completed : Delete User - Remove Existing User Status : passed"}
{"level":"info","message":"Test Case Started : Edit User - Update Existing User Details"}
{"level":"info","message":"Executing Step : Create a user to edit"}
{"level":"info","message":"Executing Step : Edit the created user"}
{"level":"info","message":"Test Case Completed : Edit User - Update Existing User Details Status : passed"}
{"level":"info","message":"Test Case Started : Verify Elements Page."}
{"level":"info","message":"Test Case Completed : Verify Elements Page. Status : passed"}
{"level":"info","message":"Test Case Started : test"}
{"level":"info","message":"Test Case Completed : test Status : passed"}
{"level":"info","message":"Test Case Started : Verify Page Accessibility"}
{"level":"info","message":"Test Case Completed : Verify Page Accessibility Status : passed"}
{"level":"info","message":"Test Case Started : getUsers"}
{"level":"info","message":"Test Case Completed : getUsers Status : skipped"}
{"level":"info","message":"Test Case Started : postUsers"}
{"level":"info","message":"Test Case Completed : postUsers Status : skipped"}
{"level":"info","message":"Test Case Started : Connect to Postgres DB"}
{"level":"info","message":"Test Case Completed : Connect to Postgres DB Status : skipped"}
{"level":"info","message":"Test Case Started : Verify Elements Page."}
{"level":"info","message":"Test Case Completed : Verify Elements Page. Status : skipped"}
{"level":"info","message":"Test Case Started : Verify web-admin Login @Smoke"}
{"level":"info","message":"Executing Step : Navigate to web-admin login page"}
{"level":"info","message":"Executing Step : Verify login page is displayed"}
{"level":"info","message":"Executing Step : Enter valid username"}
{"level":"info","message":"Executing Step : Enter valid password"}
{"level":"info","message":"Executing Step : Click on login button"}
{"level":"info","message":"Executing Step : Verify user is successfully logged in"}
{"level":"info","message":"Test Case Completed : Verify web-admin Login @Smoke Status : passed"}
{"level":"info","message":"Test Case Started : Create User - Navigate to Add New User Page"}
{"level":"info","message":"Executing Step : Navigate to login page"}
{"level":"info","message":"Executing Step : Login to system"}
{"level":"info","message":"Executing Step : Navigate to Add New User page"}
{"level":"info","message":"Executing Step : Fill and submit create user form"}
{"level":"info","message":"Executing Step : Verify user created successfully"}
{"level":"info","message":"Test Case Completed : Create User - Navigate to Add New User Page Status : passed"}
{"level":"info","message":"Test Case Started : Delete User - Remove Existing User"}
{"level":"info","message":"Executing Step : Create a user to delete"}
{"level":"info","message":"Executing Step : Delete the created user"}
{"level":"info","message":"Test Case Completed : Delete User - Remove Existing User Status : passed"}
{"level":"info","message":"Test Case Started : Edit User - Update Existing User Details"}
{"level":"info","message":"Executing Step : Create a user to edit"}
{"level":"info","message":"Executing Step : Edit the created user"}
{"level":"info","message":"Test Case Completed : Edit User - Update Existing User Details Status : passed"}
{"level":"info","message":"Test Case Started : Verify Elements Page."}
{"level":"info","message":"Test Case Completed : Verify Elements Page. Status : passed"}
{"level":"error","message":"Error: No tests found.\nMake sure that arguments are regular expressions matching test files.\nYou may need to escape symbols like \"$\" or \"*\" and quote the arguments."}
{"level":"error","message":"Error: No tests found.\nMake sure that arguments are regular expressions matching test files.\nYou may need to escape symbols like \"$\" or \"*\" and quote the arguments."}
{"level":"error","message":"Error: No tests found.\nMake sure that arguments are regular expressions matching test files.\nYou may need to escape symbols like \"$\" or \"*\" and quote the arguments."}
{"level":"error","message":"Error: No tests found.\nMake sure that arguments are regular expressions matching test files.\nYou may need to escape symbols like \"$\" or \"*\" and quote the arguments."}
{"level":"error","message":"Error: No tests found.\nMake sure that arguments are regular expressions matching test files.\nYou may need to escape symbols like \"$\" or \"*\" and quote the arguments."}
{"level":"error","message":"Error: No tests found.\nMake sure that arguments are regular expressions matching test files.\nYou may need to escape symbols like \"$\" or \"*\" and quote the arguments."}
{"level":"info","message":"Test Case Started : postUsers"}
{"level":"info","message":"Test Case Completed : postUsers Status : skipped"}
{"level":"info","message":"Test Case Started : postUsers"}
{"level":"info","message":"Test Case Completed : postUsers Status : skipped"}
{"level":"error","message":"Error: No tests found.\nMake sure that arguments are regular expressions matching test files.\nYou may need to escape symbols like \"$\" or \"*\" and quote the arguments."}
{"level":"info","message":"Test Case Started : postUsers"}
{"level":"info","message":"Test Case Completed : postUsers Status : skipped"}
{"level":"error","message":"Error: No tests found.\nMake sure that arguments are regular expressions matching test files.\nYou may need to escape symbols like \"$\" or \"*\" and quote the arguments."}
{"level":"error","message":"Error: No tests found.\nMake sure that arguments are regular expressions matching test files.\nYou may need to escape symbols like \"$\" or \"*\" and quote the arguments."}
{"level":"error","message":"Error: No tests found.\nMake sure that arguments are regular expressions matching test files.\nYou may need to escape symbols like \"$\" or \"*\" and quote the arguments."}
{"level":"error","message":"Error: test file \"tests\\apitests\\post_api_Request_01_createUser.spac.ts\" should not import test file \"tests\\api\\POST.test.ts\""}
{"level":"error","message":"Error: No tests found.\nMake sure that arguments are regular expressions matching test files.\nYou may need to escape symbols like \"$\" or \"*\" and quote the arguments."}
{"level":"error","message":"Error: No tests found.\nMake sure that arguments are regular expressions matching test files.\nYou may need to escape symbols like \"$\" or \"*\" and quote the arguments."}
{"level":"error","message":"Error: No tests found.\nMake sure that arguments are regular expressions matching test files.\nYou may need to escape symbols like \"$\" or \"*\" and quote the arguments."}
{"level":"error","message":"Error: No tests found.\nMake sure that arguments are regular expressions matching test files.\nYou may need to escape symbols like \"$\" or \"*\" and quote the arguments."}
{"level":"error","message":"Error: No tests found.\nMake sure that arguments are regular expressions matching test files.\nYou may need to escape symbols like \"$\" or \"*\" and quote the arguments."}
{"level":"error","message":"Error: No tests found.\nMake sure that arguments are regular expressions matching test files.\nYou may need to escape symbols like \"$\" or \"*\" and quote the arguments."}
{"level":"error","message":"Error: No tests found.\nMake sure that arguments are regular expressions matching test files.\nYou may need to escape symbols like \"$\" or \"*\" and quote the arguments."}
{"level":"error","message":"Error: No tests found.\nMake sure that arguments are regular expressions matching test files.\nYou may need to escape symbols like \"$\" or \"*\" and quote the arguments."}
{"level":"error","message":"Error: No tests found.\nMake sure that arguments are regular expressions matching test files.\nYou may need to escape symbols like \"$\" or \"*\" and quote the arguments."}
{"level":"error","message":"Error: No tests found.\nMake sure that arguments are regular expressions matching test files.\nYou may need to escape symbols like \"$\" or \"*\" and quote the arguments."}
{"level":"error","message":"Error: No tests found.\nMake sure that arguments are regular expressions matching test files.\nYou may need to escape symbols like \"$\" or \"*\" and quote the arguments."}
{"level":"error","message":"Error: No tests found.\nMake sure that arguments are regular expressions matching test files.\nYou may need to escape symbols like \"$\" or \"*\" and quote the arguments."}
{"level":"info","message":"Test Case Started : postLogin"}
{"level":"info","message":"Test Case Completed : postLogin Status : skipped"}
{"level":"info","message":"Test Case Started : postLogin"}
{"level":"info","message":"Test Case Completed : postLogin Status : failed"}
{"level":"info","message":"Test Case Started : postLogin"}
{"level":"info","message":"Test Case Completed : postLogin Status : passed"}
{"level":"info","message":"Test Case Started : postLogin"}
{"level":"info","message":"Test Case Completed : postLogin Status : passed"}
{"level":"info","message":"Test Case Started : postLogin"}
{"level":"info","message":"Test Case Completed : postLogin Status : passed"}
{"level":"info","message":"Test Case Started : Verify web-admin Login @Smoke"}
{"level":"info","message":"Executing Step : Navigate to web-admin login page"}
{"level":"info","message":"Executing Step : Verify login page is displayed"}
{"level":"info","message":"Executing Step : Enter valid username"}
{"level":"info","message":"Executing Step : Enter valid password"}
{"level":"info","message":"Executing Step : Click on login button"}
{"level":"info","message":"Executing Step : Verify user is successfully logged in"}
{"level":"info","message":"Test Case Completed : Verify web-admin Login @Smoke Status : failed"}
{"level":"info","message":"Test Case Started : Create User - Navigate to Add New User Page"}
{"level":"info","message":"Executing Step : Navigate to login page"}
{"level":"info","message":"Executing Step : Login to system"}
{"level":"info","message":"Test Case Completed : Create User - Navigate to Add New User Page Status : failed"}
{"level":"info","message":"Test Case Started : Create User - Navigate to Add New User Page"}
{"level":"info","message":"Executing Step : Navigate to login page"}
{"level":"info","message":"Executing Step : Login to system"}
{"level":"info","message":"Test Case Completed : Create User - Navigate to Add New User Page Status : failed"}
{"level":"info","message":"Test Case Started : Verify web-admin Login @Smoke"}
{"level":"info","message":"Executing Step : Navigate to web-admin login page"}
{"level":"info","message":"Executing Step : Verify login page is displayed"}
{"level":"info","message":"Executing Step : Enter valid username"}
{"level":"info","message":"Executing Step : Enter valid password"}
{"level":"info","message":"Executing Step : Click on login button"}
{"level":"info","message":"Executing Step : Verify user is successfully logged in"}
{"level":"info","message":"Test Case Completed : Verify web-admin Login @Smoke Status : failed"}
{"level":"info","message":"Test Case Started : Verify web-admin Login @Smoke"}
{"level":"info","message":"Executing Step : Navigate to web-admin login page"}
{"level":"info","message":"Executing Step : Verify login page is displayed"}
{"level":"info","message":"Executing Step : Enter valid username"}
{"level":"info","message":"Executing Step : Enter valid password"}
{"level":"info","message":"Executing Step : Click on login button"}
{"level":"info","message":"Executing Step : Verify user is successfully logged in"}
{"level":"info","message":"Test Case Completed : Verify web-admin Login @Smoke Status : failed"}
{"level":"info","message":"Test Case Started : Verify web-admin Login @Smoke"}
{"level":"info","message":"Executing Step : Navigate to web-admin login page"}
{"level":"info","message":"Executing Step : Verify login page is displayed"}
{"level":"info","message":"Executing Step : Enter valid username"}
{"level":"info","message":"Executing Step : Enter valid password"}
{"level":"info","message":"Executing Step : Click on login button"}
{"level":"info","message":"Executing Step : Verify user is successfully logged in"}
{"level":"info","message":"Test Case Completed : Verify web-admin Login @Smoke Status : failed"}
{"level":"info","message":"Test Case Started : Verify web-admin Login @Smoke"}
{"level":"info","message":"Executing Step : Navigate to web-admin login page"}
{"level":"info","message":"Executing Step : Verify login page is displayed"}
{"level":"info","message":"Executing Step : Enter valid username"}
{"level":"info","message":"Executing Step : Enter valid password"}
{"level":"info","message":"Executing Step : Click on login button"}
{"level":"info","message":"Executing Step : Verify user is successfully logged in"}
{"level":"info","message":"Test Case Completed : Verify web-admin Login @Smoke Status : failed"}
{"level":"info","message":"Test Case Started : Verify web-admin Login @Smoke"}
{"level":"info","message":"Executing Step : Navigate to web-admin login page"}
{"level":"info","message":"Executing Step : Verify login page is displayed"}
{"level":"info","message":"Executing Step : Enter valid username"}
{"level":"info","message":"Executing Step : Enter valid password"}
{"level":"info","message":"Executing Step : Click on login button"}
{"level":"info","message":"Executing Step : Verify user is successfully logged in"}
{"level":"info","message":"Test Case Completed : Verify web-admin Login @Smoke Status : failed"}
{"level":"info","message":"Test Case Started : Verify web-admin Login @Smoke"}
{"level":"info","message":"Executing Step : Navigate to web-admin login page"}
{"level":"info","message":"Executing Step : Verify login page is displayed"}
{"level":"info","message":"Executing Step : Enter valid username"}
{"level":"info","message":"Executing Step : Enter valid password"}
{"level":"info","message":"Executing Step : Click on login button"}
{"level":"info","message":"Executing Step : Verify user is successfully logged in"}
{"level":"info","message":"Test Case Completed : Verify web-admin Login @Smoke Status : failed"}
{"level":"info","message":"Test Case Started : Verify web-admin Login @Smoke"}
{"level":"info","message":"Executing Step : Navigate to web-admin login page"}
{"level":"info","message":"Executing Step : Verify login page is displayed"}
{"level":"info","message":"Executing Step : Enter valid username"}
{"level":"info","message":"Executing Step : Enter valid password"}
{"level":"info","message":"Executing Step : Click on login button"}
{"level":"info","message":"Executing Step : Verify user is successfully logged in"}
{"level":"info","message":"Test Case Completed : Verify web-admin Login @Smoke Status : passed"}
{"level":"info","message":"Test Case Started : Verify web-admin Login @Smoke"}
{"level":"info","message":"Executing Step : Navigate to web-admin login page"}
{"level":"info","message":"Executing Step : Verify login page is displayed"}
{"level":"info","message":"Executing Step : Enter valid username"}
{"level":"info","message":"Executing Step : Enter valid password"}
{"level":"info","message":"Executing Step : Click on login button"}
{"level":"info","message":"Executing Step : Verify user is successfully logged in"}
{"level":"info","message":"Test Case Completed : Verify web-admin Login @Smoke Status : passed"}
{"level":"info","message":"Test Case Started : Verify web-admin Login @Smoke"}
{"level":"info","message":"Executing Step : Navigate to web-admin login page"}
{"level":"info","message":"Executing Step : Verify login page is displayed"}
{"level":"info","message":"Executing Step : Enter valid username"}
{"level":"info","message":"Executing Step : Enter valid password"}
{"level":"info","message":"Executing Step : Click on login button"}
{"level":"info","message":"Executing Step : Verify user is successfully logged in"}
{"level":"info","message":"Test Case Completed : Verify web-admin Login @Smoke Status : passed"}
{"level":"error","message":"Error: No tests found.\nMake sure that arguments are regular expressions matching test files.\nYou may need to escape symbols like \"$\" or \"*\" and quote the arguments."}
{"level":"info","message":"Test Case Started : Verify web-admin Login @Smoke"}
{"level":"info","message":"Executing Step : Navigate to web-admin login page"}
{"level":"info","message":"Executing Step : Verify login page is displayed"}
{"level":"info","message":"Executing Step : Enter valid username"}
{"level":"info","message":"Executing Step : Enter valid password"}
{"level":"info","message":"Executing Step : Click on login button"}
{"level":"info","message":"Executing Step : Verify user is successfully logged in"}
{"level":"info","message":"Test Case Completed : Verify web-admin Login @Smoke Status : passed"}
{"level":"info","message":"Test Case Started : Delete User - Remove Existing User"}
{"level":"info","message":"Executing Step : Create a user to delete"}
{"level":"info","message":"Executing Step : Delete the created user"}
{"level":"info","message":"Test Case Completed : Delete User - Remove Existing User Status : passed"}
{"level":"info","message":"Test Case Started : Create User - Navigate to Add New User Page"}
{"level":"info","message":"Executing Step : Navigate to login page"}
{"level":"info","message":"Executing Step : Login to system"}
{"level":"info","message":"Executing Step : Navigate to Add New User page"}
{"level":"info","message":"Executing Step : Fill and submit create user form"}
{"level":"info","message":"Executing Step : Verify user created successfully"}
{"level":"info","message":"Test Case Completed : Create User - Navigate to Add New User Page Status : passed"}
{"level":"info","message":"Test Case Started : Delete User - Remove Existing User"}
{"level":"info","message":"Executing Step : Create a user to delete"}
{"level":"info","message":"Executing Step : Delete the created user"}
{"level":"info","message":"Test Case Completed : Delete User - Remove Existing User Status : passed"}
{"level":"info","message":"Test Case Started : Edit User - Update Existing User Details"}
{"level":"info","message":"Executing Step : Create a user to edit"}
{"level":"info","message":"Executing Step : Edit the created user"}
{"level":"info","message":"Test Case Completed : Edit User - Update Existing User Details Status : passed"}
{"level":"info","message":"Test Case Started : Verify web-admin Login @Smoke"}
{"level":"info","message":"Executing Step : Navigate to web-admin login page"}
{"level":"info","message":"Executing Step : Verify login page is displayed"}
{"level":"info","message":"Executing Step : Enter valid username"}
{"level":"info","message":"Executing Step : Enter valid password"}
{"level":"info","message":"Executing Step : Click on login button"}
{"level":"info","message":"Executing Step : Verify user is successfully logged in"}
{"level":"info","message":"Test Case Completed : Verify web-admin Login @Smoke Status : passed"}
{"level":"info","message":"Test Case Started : Verify web-admin Login @Smoke"}
{"level":"info","message":"Executing Step : Navigate to web-admin login page"}
{"level":"info","message":"Executing Step : Verify login page is displayed"}
{"level":"info","message":"Executing Step : Enter valid username"}
{"level":"info","message":"Executing Step : Enter valid password"}
{"level":"info","message":"Executing Step : Click on login button"}
{"level":"info","message":"Executing Step : Verify user is successfully logged in"}
{"level":"info","message":"Test Case Completed : Verify web-admin Login @Smoke Status : passed"}
{"level":"info","message":"Test Case Started : Create Post request using static body"}
{"level":"info","message":"Test Case Completed : Create Post request using static body Status : failed"}
{"level":"info","message":"Test Case Started : test"}
{"level":"info","message":"Test Case Completed : test Status : passed"}
{"level":"info","message":"Test Case Started : Verify Page Accessibility"}
{"level":"info","message":"Test Case Completed : Verify Page Accessibility Status : passed"}
{"level":"info","message":"Test Case Started : postLogin"}
{"level":"info","message":"Test Case Completed : postLogin Status : passed"}
{"level":"info","message":"Test Case Started : Connect to Postgres DB"}
{"level":"info","message":"Test Case Completed : Connect to Postgres DB Status : skipped"}
{"level":"info","message":"Test Case Started : Verify Elements Page."}
{"level":"info","message":"Test Case Completed : Verify Elements Page. Status : skipped"}
{"level":"info","message":"Test Case Started : Verify web-admin Login @Smoke"}
{"level":"info","message":"Executing Step : Navigate to web-admin login page"}
{"level":"info","message":"Executing Step : Verify login page is displayed"}
{"level":"info","message":"Executing Step : Enter valid username"}
{"level":"info","message":"Executing Step : Enter valid password"}
{"level":"info","message":"Executing Step : Click on login button"}
{"level":"info","message":"Executing Step : Verify user is successfully logged in"}
{"level":"info","message":"Test Case Completed : Verify web-admin Login @Smoke Status : passed"}
{"level":"info","message":"Test Case Started : Create User - Navigate to Add New User Page"}
{"level":"info","message":"Executing Step : Navigate to login page"}
{"level":"info","message":"Executing Step : Login to system"}
{"level":"info","message":"Executing Step : Navigate to Add New User page"}
{"level":"info","message":"Executing Step : Fill and submit create user form"}
{"level":"info","message":"Executing Step : Verify user created successfully"}
{"level":"info","message":"Test Case Completed : Create User - Navigate to Add New User Page Status : failed"}
{"level":"info","message":"Test Case Started : Delete User - Remove Existing User"}
{"level":"info","message":"Executing Step : Create a user to delete"}
{"level":"info","message":"Executing Step : Delete the created user"}
{"level":"info","message":"Test Case Completed : Delete User - Remove Existing User Status : passed"}
{"level":"info","message":"Test Case Started : Edit User - Update Existing User Details"}
{"level":"info","message":"Executing Step : Create a user to edit"}
{"level":"info","message":"Executing Step : Edit the created user"}
{"level":"info","message":"Test Case Completed : Edit User - Update Existing User Details Status : passed"}
{"level":"info","message":"Test Case Started : Verify Elements Page."}
{"level":"info","message":"Test Case Completed : Verify Elements Page. Status : passed"}
{"level":"info","message":"Test Case Started : Create Post request using static body"}
{"level":"info","message":"Test Case Completed : Create Post request using static body Status : failed"}
{"level":"info","message":"Test Case Started : test"}
{"level":"info","message":"Test Case Completed : test Status : passed"}
{"level":"info","message":"Test Case Started : Verify Page Accessibility"}
{"level":"info","message":"Test Case Completed : Verify Page Accessibility Status : passed"}
{"level":"info","message":"Test Case Started : postLogin"}
{"level":"info","message":"Test Case Completed : postLogin Status : passed"}
{"level":"info","message":"Test Case Started : Connect to Postgres DB"}
{"level":"info","message":"Test Case Completed : Connect to Postgres DB Status : skipped"}
{"level":"info","message":"Test Case Started : Verify Elements Page."}
{"level":"info","message":"Test Case Completed : Verify Elements Page. Status : skipped"}
{"level":"info","message":"Test Case Started : Verify web-admin Login @Smoke"}
{"level":"info","message":"Executing Step : Navigate to web-admin login page"}
{"level":"info","message":"Executing Step : Verify login page is displayed"}
{"level":"info","message":"Executing Step : Enter valid username"}
{"level":"info","message":"Executing Step : Enter valid password"}
{"level":"info","message":"Executing Step : Click on login button"}
{"level":"info","message":"Executing Step : Verify user is successfully logged in"}
{"level":"info","message":"Test Case Completed : Verify web-admin Login @Smoke Status : passed"}
{"level":"info","message":"Test Case Started : Create User - Navigate to Add New User Page"}
{"level":"info","message":"Executing Step : Navigate to login page"}
{"level":"info","message":"Executing Step : Login to system"}
{"level":"info","message":"Executing Step : Navigate to Add New User page"}
{"level":"info","message":"Executing Step : Fill and submit create user form"}
{"level":"info","message":"Executing Step : Verify user created successfully"}
{"level":"info","message":"Test Case Completed : Create User - Navigate to Add New User Page Status : failed"}
{"level":"info","message":"Test Case Started : Delete User - Remove Existing User"}
{"level":"info","message":"Executing Step : Create a user to delete"}
{"level":"info","message":"Executing Step : Delete the created user"}
{"level":"info","message":"Test Case Completed : Delete User - Remove Existing User Status : passed"}
{"level":"info","message":"Test Case Started : Edit User - Update Existing User Details"}
{"level":"info","message":"Executing Step : Create a user to edit"}
{"level":"info","message":"Executing Step : Edit the created user"}
{"level":"info","message":"Test Case Completed : Edit User - Update Existing User Details Status : passed"}
{"level":"info","message":"Test Case Started : Verify Elements Page."}
{"level":"info","message":"Test Case Completed : Verify Elements Page. Status : passed"}
{"level":"info","message":"Test Case Started : Create Post request using static body"}
{"level":"info","message":"Test Case Completed : Create Post request using static body Status : skipped"}
{"level":"info","message":"Test Case Started : test"}
{"level":"info","message":"Test Case Completed : test Status : passed"}
{"level":"info","message":"Test Case Started : Verify Page Accessibility"}
{"level":"info","message":"Test Case Completed : Verify Page Accessibility Status : passed"}
{"level":"info","message":"Test Case Started : postLogin"}
{"level":"info","message":"Test Case Completed : postLogin Status : passed"}
{"level":"info","message":"Test Case Started : Connect to Postgres DB"}
{"level":"info","message":"Test Case Completed : Connect to Postgres DB Status : skipped"}
{"level":"info","message":"Test Case Started : Verify Elements Page."}
{"level":"info","message":"Test Case Completed : Verify Elements Page. Status : skipped"}
{"level":"info","message":"Test Case Started : Verify web-admin Login @Smoke"}
{"level":"info","message":"Executing Step : Navigate to web-admin login page"}
{"level":"info","message":"Executing Step : Verify login page is displayed"}
{"level":"info","message":"Executing Step : Enter valid username"}
{"level":"info","message":"Executing Step : Enter valid password"}
{"level":"info","message":"Executing Step : Click on login button"}
{"level":"info","message":"Executing Step : Verify user is successfully logged in"}
{"level":"info","message":"Test Case Completed : Verify web-admin Login @Smoke Status : passed"}
{"level":"info","message":"Test Case Started : Create User - Navigate to Add New User Page"}
{"level":"info","message":"Test Case Completed : Create User - Navigate to Add New User Page Status : skipped"}
{"level":"info","message":"Test Case Started : Delete User - Remove Existing User"}
{"level":"info","message":"Executing Step : Create a user to delete"}
{"level":"info","message":"Executing Step : Delete the created user"}
{"level":"info","message":"Test Case Completed : Delete User - Remove Existing User Status : passed"}
{"level":"info","message":"Test Case Started : Edit User - Update Existing User Details"}
{"level":"info","message":"Executing Step : Create a user to edit"}
{"level":"info","message":"Executing Step : Edit the created user"}
{"level":"info","message":"Test Case Completed : Edit User - Update Existing User Details Status : passed"}
{"level":"info","message":"Test Case Started : Verify Elements Page."}
{"level":"info","message":"Test Case Completed : Verify Elements Page. Status : passed"}
{"level":"info","message":"Test Case Started : Create Post request using static body"}
{"level":"info","message":"Test Case Completed : Create Post request using static body Status : skipped"}
{"level":"info","message":"Test Case Started : test"}
{"level":"info","message":"Test Case Completed : test Status : passed"}
{"level":"info","message":"Test Case Started : Verify Page Accessibility"}
{"level":"info","message":"Test Case Completed : Verify Page Accessibility Status : passed"}
{"level":"info","message":"Test Case Started : postLogin"}
{"level":"info","message":"Test Case Completed : postLogin Status : passed"}
{"level":"info","message":"Test Case Started : Connect to Postgres DB"}
{"level":"info","message":"Test Case Completed : Connect to Postgres DB Status : skipped"}
{"level":"info","message":"Test Case Started : Verify Elements Page."}
{"level":"info","message":"Test Case Completed : Verify Elements Page. Status : skipped"}
{"level":"info","message":"Test Case Started : Verify web-admin Login @Smoke"}
{"level":"info","message":"Executing Step : Navigate to web-admin login page"}
{"level":"info","message":"Executing Step : Verify login page is displayed"}
{"level":"info","message":"Executing Step : Enter valid username"}
{"level":"info","message":"Executing Step : Enter valid password"}
{"level":"info","message":"Executing Step : Click on login button"}
{"level":"info","message":"Executing Step : Verify user is successfully logged in"}
{"level":"info","message":"Test Case Completed : Verify web-admin Login @Smoke Status : passed"}
{"level":"info","message":"Test Case Started : Create User - Navigate to Add New User Page"}
{"level":"info","message":"Test Case Completed : Create User - Navigate to Add New User Page Status : skipped"}
{"level":"info","message":"Test Case Started : Delete User - Remove Existing User"}
{"level":"info","message":"Executing Step : Create a user to delete"}
{"level":"info","message":"Executing Step : Delete the created user"}
{"level":"info","message":"Test Case Completed : Delete User - Remove Existing User Status : passed"}
{"level":"info","message":"Test Case Started : Edit User - Update Existing User Details"}
{"level":"info","message":"Executing Step : Create a user to edit"}
{"level":"info","message":"Executing Step : Edit the created user"}
{"level":"info","message":"Test Case Completed : Edit User - Update Existing User Details Status : failed"}
{"level":"info","message":"Test Case Started : Verify Elements Page."}
{"level":"info","message":"Test Case Completed : Verify Elements Page. Status : passed"}
{"level":"info","message":"Test Case Started : Create User - Navigate to Add New User Page"}
{"level":"info","message":"Executing Step : Navigate to login page"}
{"level":"info","message":"Executing Step : Login to system"}
{"level":"info","message":"Executing Step : Navigate to Add New User page"}
{"level":"info","message":"Executing Step : Fill and submit create user form"}
{"level":"info","message":"Test Case Completed : Create User - Navigate to Add New User Page Status : failed"}
{"level":"info","message":"Test Case Started : Create User - Navigate to Add New User Page"}
{"level":"info","message":"Executing Step : Navigate to login page"}
{"level":"info","message":"Executing Step : Login to system"}
{"level":"info","message":"Executing Step : Navigate to Add New User page"}
{"level":"info","message":"Executing Step : Fill and submit create user form"}
{"level":"info","message":"Executing Step : Verify user created successfully"}
{"level":"info","message":"Test Case Completed : Create User - Navigate to Add New User Page Status : passed"}
{"level":"info","message":"Test Case Started : Create Post request using static body"}
{"level":"info","message":"Test Case Completed : Create Post request using static body Status : skipped"}
{"level":"info","message":"Test Case Started : test"}
{"level":"info","message":"Test Case Completed : test Status : passed"}
{"level":"info","message":"Test Case Started : Verify Page Accessibility"}
{"level":"info","message":"Test Case Completed : Verify Page Accessibility Status : passed"}
{"level":"info","message":"Test Case Started : postLogin"}
{"level":"info","message":"Test Case Completed : postLogin Status : passed"}
{"level":"info","message":"Test Case Started : Connect to Postgres DB"}
{"level":"info","message":"Test Case Completed : Connect to Postgres DB Status : skipped"}
{"level":"info","message":"Test Case Started : Verify Elements Page."}
{"level":"info","message":"Test Case Completed : Verify Elements Page. Status : skipped"}
{"level":"info","message":"Test Case Started : Verify web-admin Login @Smoke"}
{"level":"info","message":"Executing Step : Navigate to web-admin login page"}
{"level":"info","message":"Executing Step : Verify login page is displayed"}
{"level":"info","message":"Executing Step : Enter valid username"}
{"level":"info","message":"Executing Step : Enter valid password"}
{"level":"info","message":"Executing Step : Click on login button"}
{"level":"info","message":"Executing Step : Verify user is successfully logged in"}
{"level":"info","message":"Test Case Completed : Verify web-admin Login @Smoke Status : passed"}
{"level":"info","message":"Test Case Started : Create User - Navigate to Add New User Page"}
{"level":"info","message":"Executing Step : Navigate to login page"}
{"level":"info","message":"Executing Step : Login to system"}
{"level":"info","message":"Executing Step : Navigate to Add New User page"}
{"level":"info","message":"Executing Step : Fill and submit create user form"}
{"level":"info","message":"Test Case Completed : Create User - Navigate to Add New User Page Status : failed"}
{"level":"info","message":"Test Case Started : Delete User - Remove Existing User"}
{"level":"info","message":"Executing Step : Create a user to delete"}
{"level":"info","message":"Executing Step : Delete the created user"}
{"level":"info","message":"Test Case Completed : Delete User - Remove Existing User Status : passed"}
{"level":"info","message":"Test Case Started : Edit User - Update Existing User Details"}
{"level":"info","message":"Executing Step : Create a user to edit"}
{"level":"info","message":"Executing Step : Edit the created user"}
{"level":"info","message":"Test Case Completed : Edit User - Update Existing User Details Status : passed"}
{"level":"info","message":"Test Case Started : Verify Elements Page."}
{"level":"info","message":"Test Case Completed : Verify Elements Page. Status : passed"}
{"level":"info","message":"Test Case Started : Create Post request using static body"}
{"level":"info","message":"Test Case Completed : Create Post request using static body Status : skipped"}
{"level":"info","message":"Test Case Started : test"}
{"level":"info","message":"Test Case Completed : test Status : passed"}
{"level":"info","message":"Test Case Started : Verify Page Accessibility"}
{"level":"info","message":"Test Case Completed : Verify Page Accessibility Status : passed"}
{"level":"info","message":"Test Case Started : postLogin"}
{"level":"info","message":"Test Case Completed : postLogin Status : passed"}
{"level":"info","message":"Test Case Started : Connect to Postgres DB"}
{"level":"info","message":"Test Case Completed : Connect to Postgres DB Status : skipped"}
{"level":"info","message":"Test Case Started : Verify Elements Page."}
{"level":"info","message":"Test Case Completed : Verify Elements Page. Status : skipped"}
{"level":"info","message":"Test Case Started : Verify web-admin Login @Smoke"}
{"level":"info","message":"Executing Step : Navigate to web-admin login page"}
{"level":"info","message":"Executing Step : Verify login page is displayed"}
{"level":"info","message":"Executing Step : Enter valid username"}
{"level":"info","message":"Executing Step : Enter valid password"}
{"level":"info","message":"Executing Step : Click on login button"}
{"level":"info","message":"Executing Step : Verify user is successfully logged in"}
{"level":"info","message":"Test Case Completed : Verify web-admin Login @Smoke Status : passed"}
{"level":"info","message":"Test Case Started : Create User - Navigate to Add New User Page"}
{"level":"info","message":"Executing Step : Navigate to login page"}
{"level":"info","message":"Executing Step : Login to system"}
{"level":"info","message":"Executing Step : Navigate to Add New User page"}
{"level":"info","message":"Executing Step : Fill and submit create user form"}
{"level":"info","message":"Executing Step : Verify user created successfully"}
{"level":"info","message":"Test Case Completed : Create User - Navigate to Add New User Page Status : passed"}
{"level":"info","message":"Test Case Started : Delete User - Remove Existing User"}
{"level":"info","message":"Executing Step : Create a user to delete"}
{"level":"info","message":"Executing Step : Delete the created user"}
{"level":"info","message":"Test Case Completed : Delete User - Remove Existing User Status : passed"}
{"level":"info","message":"Test Case Started : Edit User - Update Existing User Details"}
{"level":"info","message":"Executing Step : Create a user to edit"}
{"level":"info","message":"Executing Step : Edit the created user"}
{"level":"info","message":"Test Case Completed : Edit User - Update Existing User Details Status : passed"}
{"level":"info","message":"Test Case Started : Verify Elements Page."}
{"level":"info","message":"Test Case Completed : Verify Elements Page. Status : passed"}
{"level":"info","message":"Test Case Started : Create Post request using static body"}
{"level":"info","message":"Test Case Completed : Create Post request using static body Status : skipped"}
{"level":"info","message":"Test Case Started : test"}
{"level":"info","message":"Test Case Completed : test Status : passed"}
{"level":"info","message":"Test Case Started : Verify Page Accessibility"}
{"level":"info","message":"Test Case Completed : Verify Page Accessibility Status : passed"}
{"level":"info","message":"Test Case Started : postLogin"}
{"level":"info","message":"Test Case Completed : postLogin Status : passed"}
{"level":"info","message":"Test Case Started : Connect to Postgres DB"}
{"level":"info","message":"Test Case Completed : Connect to Postgres DB Status : skipped"}
{"level":"info","message":"Test Case Started : Verify Elements Page."}
{"level":"info","message":"Test Case Completed : Verify Elements Page. Status : skipped"}
{"level":"info","message":"Test Case Started : Verify web-admin Login @Smoke"}
{"level":"info","message":"Executing Step : Navigate to web-admin login page"}
{"level":"info","message":"Executing Step : Verify login page is displayed"}
{"level":"info","message":"Executing Step : Enter valid username"}
{"level":"info","message":"Executing Step : Enter valid password"}
{"level":"info","message":"Executing Step : Click on login button"}
{"level":"info","message":"Executing Step : Verify user is successfully logged in"}
{"level":"info","message":"Test Case Completed : Verify web-admin Login @Smoke Status : passed"}
{"level":"info","message":"Test Case Started : Create User - Navigate to Add New User Page"}
{"level":"info","message":"Executing Step : Navigate to login page"}
{"level":"info","message":"Executing Step : Login to system"}
{"level":"info","message":"Executing Step : Navigate to Add New User page"}
{"level":"info","message":"Executing Step : Fill and submit create user form"}
{"level":"info","message":"Test Case Completed : Create User - Navigate to Add New User Page Status : failed"}
{"level":"info","message":"Test Case Started : Delete User - Remove Existing User"}
{"level":"info","message":"Executing Step : Create a user to delete"}
{"level":"info","message":"Executing Step : Delete the created user"}
{"level":"info","message":"Test Case Completed : Delete User - Remove Existing User Status : passed"}
{"level":"info","message":"Test Case Started : Edit User - Update Existing User Details"}
{"level":"info","message":"Executing Step : Create a user to edit"}
{"level":"info","message":"Executing Step : Edit the created user"}
{"level":"info","message":"Test Case Completed : Edit User - Update Existing User Details Status : passed"}
{"level":"info","message":"Test Case Started : Verify Elements Page."}
{"level":"info","message":"Test Case Completed : Verify Elements Page. Status : passed"}
{"level":"info","message":"Test Case Started : Create Post request using static body"}
{"level":"info","message":"Test Case Completed : Create Post request using static body Status : skipped"}
{"level":"info","message":"Test Case Started : test"}
{"level":"info","message":"Test Case Completed : test Status : passed"}
{"level":"info","message":"Test Case Started : Verify Page Accessibility"}
{"level":"info","message":"Test Case Completed : Verify Page Accessibility Status : passed"}
{"level":"info","message":"Test Case Started : postLogin"}
{"level":"info","message":"Test Case Completed : postLogin Status : passed"}
{"level":"info","message":"Test Case Started : Connect to Postgres DB"}
{"level":"info","message":"Test Case Completed : Connect to Postgres DB Status : skipped"}
{"level":"info","message":"Test Case Started : Verify Elements Page."}
{"level":"info","message":"Test Case Completed : Verify Elements Page. Status : skipped"}
{"level":"info","message":"Test Case Started : Verify web-admin Login @Smoke"}
{"level":"info","message":"Executing Step : Navigate to web-admin login page"}
{"level":"info","message":"Executing Step : Verify login page is displayed"}
{"level":"info","message":"Executing Step : Enter valid username"}
{"level":"info","message":"Executing Step : Enter valid password"}
{"level":"info","message":"Executing Step : Click on login button"}
{"level":"info","message":"Executing Step : Verify user is successfully logged in"}
{"level":"info","message":"Test Case Completed : Verify web-admin Login @Smoke Status : passed"}
{"level":"info","message":"Test Case Started : Create User - Navigate to Add New User Page"}
{"level":"info","message":"Executing Step : Navigate to login page"}
{"level":"info","message":"Executing Step : Login to system"}
{"level":"info","message":"Executing Step : Navigate to Add New User page"}
{"level":"info","message":"Executing Step : Fill and submit create user form"}
{"level":"info","message":"Executing Step : Verify user created successfully"}
{"level":"info","message":"Test Case Completed : Create User - Navigate to Add New User Page Status : passed"}
{"level":"info","message":"Test Case Started : Delete User - Remove Existing User"}
{"level":"info","message":"Executing Step : Create a user to delete"}
{"level":"info","message":"Executing Step : Delete the created user"}
{"level":"info","message":"Test Case Completed : Delete User - Remove Existing User Status : passed"}
{"level":"info","message":"Test Case Started : Edit User - Update Existing User Details"}
{"level":"info","message":"Executing Step : Create a user to edit"}
{"level":"info","message":"Executing Step : Edit the created user"}
{"level":"info","message":"Test Case Completed : Edit User - Update Existing User Details Status : passed"}
{"level":"info","message":"Test Case Started : Verify Elements Page."}
{"level":"info","message":"Test Case Completed : Verify Elements Page. Status : passed"}
{"level":"info","message":"Test Case Started : Create Post request using static body"}
{"level":"info","message":"Test Case Completed : Create Post request using static body Status : skipped"}
{"level":"info","message":"Test Case Started : test"}
{"level":"info","message":"Test Case Completed : test Status : passed"}
{"level":"info","message":"Test Case Started : Verify Page Accessibility"}
{"level":"info","message":"Test Case Completed : Verify Page Accessibility Status : passed"}
{"level":"info","message":"Test Case Started : postLogin"}
{"level":"info","message":"Test Case Completed : postLogin Status : passed"}
{"level":"info","message":"Test Case Started : Connect to Postgres DB"}
{"level":"info","message":"Test Case Completed : Connect to Postgres DB Status : skipped"}
{"level":"info","message":"Test Case Started : Verify Elements Page."}
{"level":"info","message":"Test Case Completed : Verify Elements Page. Status : skipped"}
{"level":"info","message":"Test Case Started : Verify web-admin Login @Smoke"}
{"level":"info","message":"Executing Step : Navigate to web-admin login page"}
{"level":"info","message":"Executing Step : Verify login page is displayed"}
{"level":"info","message":"Executing Step : Enter valid username"}
{"level":"info","message":"Executing Step : Enter valid password"}
{"level":"info","message":"Executing Step : Click on login button"}
{"level":"info","message":"Executing Step : Verify user is successfully logged in"}
{"level":"info","message":"Test Case Completed : Verify web-admin Login @Smoke Status : passed"}
{"level":"info","message":"Test Case Started : Create Role - Add a New Role"}
{"level":"info","message":"Executing Step : Navigate to login page"}
{"level":"info","message":"Executing Step : Login to system"}
{"level":"info","message":"Executing Step : Navigate to Create Role page"}
{"level":"info","message":"Executing Step : Fill and submit create role form"}
{"level":"info","message":"Executing Step : Verify role created successfully"}
{"level":"info","message":"Test Case Completed : Create Role - Add a New Role Status : passed"}
{"level":"info","message":"Test Case Started : Delete Role - Remove Existing Role"}
{"level":"info","message":"Executing Step : Navigate to login page"}
{"level":"info","message":"Executing Step : Login to system"}
{"level":"info","message":"Executing Step : Create a role to delete"}
{"level":"info","message":"Executing Step : Delete the created role"}
{"level":"info","message":"Test Case Completed : Delete Role - Remove Existing Role Status : failed"}
{"level":"info","message":"Test Case Started : Edit Role - Update Existing Role Details"}
{"level":"info","message":"Executing Step : Navigate to login page"}
{"level":"info","message":"Executing Step : Login to system"}
{"level":"info","message":"Executing Step : Create a role to edit"}
{"level":"info","message":"Executing Step : Edit the created role"}
{"level":"info","message":"Test Case Completed : Edit Role - Update Existing Role Details Status : timedOut"}
{"level":"info","message":"Test Case Started : Create User - Navigate to Add New User Page"}
{"level":"info","message":"Executing Step : Navigate to login page"}
{"level":"info","message":"Executing Step : Login to system"}
{"level":"info","message":"Executing Step : Navigate to Add New User page"}
{"level":"info","message":"Executing Step : Fill and submit create user form"}
{"level":"info","message":"Executing Step : Verify user created successfully"}
{"level":"info","message":"Test Case Completed : Create User - Navigate to Add New User Page Status : passed"}
{"level":"info","message":"Test Case Started : Delete User - Remove Existing User"}
{"level":"info","message":"Executing Step : Create a user to delete"}
{"level":"info","message":"Executing Step : Delete the created user"}
{"level":"info","message":"Test Case Completed : Delete User - Remove Existing User Status : passed"}
{"level":"info","message":"Test Case Started : Edit User - Update Existing User Details"}
{"level":"info","message":"Executing Step : Create a user to edit"}
{"level":"info","message":"Executing Step : Edit the created user"}
{"level":"info","message":"Test Case Completed : Edit User - Update Existing User Details Status : passed"}
{"level":"info","message":"Test Case Started : Verify Elements Page."}
{"level":"info","message":"Test Case Completed : Verify Elements Page. Status : passed"}
{"level":"info","message":"Test Case Started : Edit Role - Update Existing Role Details"}
{"level":"info","message":"Executing Step : Navigate to login page"}
{"level":"info","message":"Executing Step : Login to system"}
{"level":"info","message":"Executing Step : Create a role to edit"}
{"level":"info","message":"Executing Step : Edit the created role"}
{"level":"info","message":"Test Case Completed : Edit Role - Update Existing Role Details Status : timedOut"}
{"level":"info","message":"Test Case Started : Edit Role - Update Existing Role Details"}
{"level":"info","message":"Executing Step : Navigate to login page"}
{"level":"info","message":"Executing Step : Login to system"}
{"level":"info","message":"Executing Step : Create a role to edit"}
{"level":"info","message":"Executing Step : Edit the created role"}
{"level":"info","message":"Test Case Completed : Edit Role - Update Existing Role Details Status : timedOut"}
{"level":"info","message":"Test Case Started : Edit Role - Update Existing Role Details"}
{"level":"info","message":"Executing Step : Navigate to login page"}
{"level":"info","message":"Executing Step : Login to system"}
{"level":"info","message":"Executing Step : Create a role to edit"}
{"level":"info","message":"Executing Step : Edit the created role"}
{"level":"info","message":"Test Case Completed : Edit Role - Update Existing Role Details Status : timedOut"}
{"level":"info","message":"Test Case Started : Edit Role - Update Existing Role Details"}
{"level":"info","message":"Executing Step : Navigate to login page"}
{"level":"info","message":"Executing Step : Login to system"}
{"level":"info","message":"Executing Step : Create a role to edit"}
{"level":"info","message":"Test Case Completed : Edit Role - Update Existing Role Details Status : failed"}
{"level":"info","message":"Test Case Started : Edit Role - Update Existing Role Details"}
{"level":"info","message":"Executing Step : Navigate to login page"}
{"level":"info","message":"Executing Step : Login to system"}
{"level":"info","message":"Executing Step : Create a role to edit"}
{"level":"info","message":"Test Case Completed : Edit Role - Update Existing Role Details Status : timedOut"}
{"level":"info","message":"Test Case Started : Edit Role - Update Existing Role Details"}
{"level":"info","message":"Executing Step : Navigate to login page"}
{"level":"info","message":"Executing Step : Login to system"}
{"level":"info","message":"Executing Step : Create a role to edit"}
{"level":"info","message":"Test Case Completed : Edit Role - Update Existing Role Details Status : timedOut"}
{"level":"info","message":"Test Case Started : Create Post request using static body"}
{"level":"info","message":"Test Case Completed : Create Post request using static body Status : skipped"}
{"level":"info","message":"Test Case Started : test"}
{"level":"info","message":"Test Case Completed : test Status : passed"}
{"level":"info","message":"Test Case Started : Verify Page Accessibility"}
{"level":"info","message":"Test Case Completed : Verify Page Accessibility Status : passed"}
{"level":"info","message":"Test Case Started : postLogin"}
{"level":"info","message":"Test Case Completed : postLogin Status : passed"}
{"level":"info","message":"Test Case Started : Connect to Postgres DB"}
{"level":"info","message":"Test Case Completed : Connect to Postgres DB Status : skipped"}
{"level":"info","message":"Test Case Started : Verify Elements Page."}
{"level":"info","message":"Test Case Completed : Verify Elements Page. Status : skipped"}
{"level":"info","message":"Test Case Started : Verify web-admin Login @Smoke"}
{"level":"info","message":"Executing Step : Navigate to web-admin login page"}
{"level":"info","message":"Executing Step : Verify login page is displayed"}
{"level":"info","message":"Executing Step : Enter valid username"}
{"level":"info","message":"Executing Step : Enter valid password"}
{"level":"info","message":"Executing Step : Click on login button"}
{"level":"info","message":"Executing Step : Verify user is successfully logged in"}
{"level":"info","message":"Test Case Completed : Verify web-admin Login @Smoke Status : passed"}
{"level":"info","message":"Test Case Started : Create Role - Add a New Role"}
{"level":"info","message":"Executing Step : Navigate to login page"}
{"level":"info","message":"Executing Step : Login to system"}
{"level":"info","message":"Executing Step : Navigate to Create Role page"}
{"level":"info","message":"Executing Step : Fill and submit create role form"}
{"level":"info","message":"Test Case Completed : Create Role - Add a New Role Status : timedOut"}
{"level":"info","message":"Test Case Started : Delete Role - Remove Existing Role"}
{"level":"info","message":"Executing Step : Navigate to login page"}
{"level":"info","message":"Executing Step : Login to system"}
{"level":"info","message":"Executing Step : Create a role to delete"}
{"level":"info","message":"Test Case Completed : Delete Role - Remove Existing Role Status : timedOut"}
{"level":"info","message":"Test Case Started : Edit Role - Update Existing Role Details"}
{"level":"info","message":"Executing Step : Navigate to login page"}
{"level":"info","message":"Executing Step : Login to system"}
{"level":"info","message":"Executing Step : Create a role to edit"}
{"level":"info","message":"Test Case Completed : Edit Role - Update Existing Role Details Status : timedOut"}
{"level":"info","message":"Test Case Started : Create User - Navigate to Add New User Page"}
{"level":"info","message":"Executing Step : Navigate to login page"}
{"level":"info","message":"Executing Step : Login to system"}
{"level":"info","message":"Executing Step : Navigate to Add New User page"}
{"level":"info","message":"Executing Step : Fill and submit create user form"}
{"level":"info","message":"Test Case Completed : Create User - Navigate to Add New User Page Status : failed"}
{"level":"info","message":"Test Case Started : Delete User - Remove Existing User"}
{"level":"info","message":"Executing Step : Create a user to delete"}
{"level":"info","message":"Executing Step : Delete the created user"}
{"level":"info","message":"Test Case Completed : Delete User - Remove Existing User Status : passed"}
{"level":"info","message":"Test Case Started : Edit User - Update Existing User Details"}
{"level":"info","message":"Executing Step : Create a user to edit"}
{"level":"info","message":"Executing Step : Edit the created user"}
{"level":"info","message":"Test Case Completed : Edit User - Update Existing User Details Status : passed"}
{"level":"info","message":"Test Case Started : Verify Elements Page."}
{"level":"info","message":"Test Case Completed : Verify Elements Page. Status : passed"}
{"level":"info","message":"Test Case Started : Edit Role - Update Existing Role Details"}
{"level":"info","message":"Executing Step : Navigate to login page"}
{"level":"info","message":"Executing Step : Login to system"}
{"level":"info","message":"Executing Step : Create a role to edit"}
{"level":"info","message":"Test Case Completed : Edit Role - Update Existing Role Details Status : timedOut"}
{"level":"info","message":"Test Case Started : Create Post request using static body"}
{"level":"info","message":"Test Case Completed : Create Post request using static body Status : skipped"}
{"level":"info","message":"Test Case Started : test"}
{"level":"info","message":"Test Case Completed : test Status : passed"}
{"level":"info","message":"Test Case Started : Verify Page Accessibility"}
{"level":"info","message":"Test Case Completed : Verify Page Accessibility Status : passed"}
{"level":"info","message":"Test Case Started : postLogin"}
{"level":"info","message":"Test Case Completed : postLogin Status : passed"}
{"level":"info","message":"Test Case Started : Connect to Postgres DB"}
{"level":"info","message":"Test Case Completed : Connect to Postgres DB Status : skipped"}
{"level":"info","message":"Test Case Started : Verify Elements Page."}
{"level":"info","message":"Test Case Completed : Verify Elements Page. Status : skipped"}
{"level":"info","message":"Test Case Started : Verify web-admin Login @Smoke"}
{"level":"info","message":"Executing Step : Navigate to web-admin login page"}
{"level":"info","message":"Executing Step : Verify login page is displayed"}
{"level":"info","message":"Executing Step : Enter valid username"}
{"level":"info","message":"Executing Step : Enter valid password"}
{"level":"info","message":"Executing Step : Click on login button"}
{"level":"info","message":"Executing Step : Verify user is successfully logged in"}
{"level":"info","message":"Test Case Completed : Verify web-admin Login @Smoke Status : passed"}
{"level":"info","message":"Test Case Started : Create Role - Add a New Role"}
{"level":"info","message":"Executing Step : Navigate to login page"}
{"level":"info","message":"Executing Step : Login to system"}
{"level":"info","message":"Executing Step : Fill and submit create role form"}
{"level":"info","message":"Test Case Completed : Create Role - Add a New Role Status : timedOut"}
{"level":"info","message":"Test Case Started : Delete Role - Remove Existing Role"}
{"level":"info","message":"Executing Step : Navigate to login page"}
{"level":"info","message":"Executing Step : Login to system"}
{"level":"info","message":"Executing Step : Create a role to delete"}
{"level":"info","message":"Test Case Completed : Delete Role - Remove Existing Role Status : timedOut"}
{"level":"info","message":"Test Case Started : Edit Role - Update Existing Role Details"}
{"level":"info","message":"Executing Step : Navigate to login page"}
{"level":"info","message":"Executing Step : Login to system"}
{"level":"info","message":"Executing Step : Create a role to edit"}
{"level":"info","message":"Test Case Completed : Edit Role - Update Existing Role Details Status : timedOut"}
{"level":"info","message":"Test Case Started : Create User - Navigate to Add New User Page"}
{"level":"info","message":"Executing Step : Navigate to login page"}
{"level":"info","message":"Executing Step : Login to system"}
{"level":"info","message":"Executing Step : Navigate to Add New User page"}
{"level":"info","message":"Executing Step : Fill and submit create user form"}
{"level":"info","message":"Test Case Completed : Create User - Navigate to Add New User Page Status : interrupted"}
{"level":"info","message":"Test Case Started : Create Role - Add a New Role"}
{"level":"info","message":"Executing Step : Navigate to login page"}
{"level":"info","message":"Executing Step : Login to system"}
{"level":"info","message":"Executing Step : Fill and submit create role form"}
{"level":"info","message":"Test Case Completed : Create Role - Add a New Role Status : timedOut"}
{"level":"info","message":"Test Case Started : Create Role - Add a New Role"}
{"level":"info","message":"Executing Step : Navigate to login page"}
{"level":"info","message":"Executing Step : Login to system"}
{"level":"info","message":"Executing Step : Navigate to Create Role page"}
{"level":"info","message":"Executing Step : Fill and submit create role form"}
{"level":"info","message":"Test Case Completed : Create Role - Add a New Role Status : interrupted"}
{"level":"info","message":"Test Case Started : Create Role - Add a New Role"}
{"level":"info","message":"Executing Step : Navigate to login page"}
{"level":"info","message":"Executing Step : Login to system"}
{"level":"info","message":"Executing Step : Navigate to Create Role page"}
{"level":"info","message":"Executing Step : Fill and submit create role form"}
{"level":"info","message":"Test Case Completed : Create Role - Add a New Role Status : timedOut"}
{"level":"info","message":"Test Case Started : Create Role - Add a New Role"}
{"level":"info","message":"Executing Step : Navigate to login page"}
{"level":"info","message":"Executing Step : Login to system"}
{"level":"info","message":"Executing Step : Navigate to Create Role page"}
{"level":"info","message":"Executing Step : Fill and submit create role form"}
{"level":"info","message":"Executing Step : Verify role created successfully"}
{"level":"info","message":"Test Case Completed : Create Role - Add a New Role Status : passed"}
{"level":"info","message":"Test Case Started : Edit Role - Update Existing Role Details"}
{"level":"info","message":"Executing Step : Navigate to login page"}
{"level":"info","message":"Executing Step : Login to system"}
{"level":"info","message":"Executing Step : Create a role to edit"}
{"level":"info","message":"Executing Step : Edit the created role"}
{"level":"info","message":"Executing Step : Verify updated role is visible"}
{"level":"info","message":"Test Case Completed : Edit Role - Update Existing Role Details Status : timedOut"}
{"level":"info","message":"Test Case Started : Edit Role - Update Existing Role Details"}
{"level":"info","message":"Executing Step : Navigate to login page"}
{"level":"info","message":"Executing Step : Login to system"}
{"level":"info","message":"Executing Step : Create a role to edit"}
{"level":"info","message":"Executing Step : Edit the created role"}
{"level":"info","message":"Executing Step : Verify updated role is visible"}
{"level":"info","message":"Test Case Completed : Edit Role - Update Existing Role Details Status : timedOut"}
{"level":"info","message":"Test Case Started : Edit Role - Update Existing Role Details"}
{"level":"info","message":"Executing Step : Navigate to login page"}
{"level":"info","message":"Executing Step : Login to system"}
{"level":"info","message":"Executing Step : Create a role to edit"}
{"level":"info","message":"Executing Step : Edit the created role"}
{"level":"info","message":"Executing Step : Verify updated role is visible"}
{"level":"info","message":"Test Case Completed : Edit Role - Update Existing Role Details Status : timedOut"}
{"level":"info","message":"Test Case Started : Edit Role - Update Existing Role Details"}
{"level":"info","message":"Executing Step : Navigate to login page"}
{"level":"info","message":"Executing Step : Login to system"}
{"level":"info","message":"Executing Step : Create a role to edit"}
{"level":"info","message":"Executing Step : Edit the created role"}
{"level":"info","message":"Executing Step : Verify updated role is visible"}
{"level":"info","message":"Test Case Completed : Edit Role - Update Existing Role Details Status : timedOut"}
{"level":"info","message":"Test Case Started : Edit Role - Update Existing Role Details"}
{"level":"info","message":"Executing Step : Navigate to login page"}
{"level":"info","message":"Executing Step : Login to system"}
{"level":"info","message":"Executing Step : Create a role to edit"}
{"level":"info","message":"Executing Step : Edit the created role"}
{"level":"info","message":"Executing Step : Verify updated role is visible"}
{"level":"info","message":"Test Case Completed : Edit Role - Update Existing Role Details Status : passed"}
{"level":"info","message":"Test Case Started : Edit Role - Update Existing Role Details"}
{"level":"info","message":"Executing Step : Navigate to login page"}
{"level":"info","message":"Executing Step : Login to system"}
{"level":"info","message":"Executing Step : Create a role to edit"}
{"level":"info","message":"Executing Step : Edit the created role"}
{"level":"info","message":"Executing Step : Verify updated role is visible"}
{"level":"info","message":"Test Case Started : Create Role - Add a New Role"}
{"level":"info","message":"Executing Step : Navigate to login page"}
{"level":"info","message":"Executing Step : Login to system"}
{"level":"info","message":"Executing Step : Navigate to Create Role page"}
{"level":"info","message":"Executing Step : Fill and submit create role form"}
{"level":"info","message":"Executing Step : Verify role created successfully"}
{"level":"info","message":"Test Case Completed : Create Role - Add a New Role Status : passed"}
{"level":"info","message":"Test Case Started : Create Post request using static body"}
{"level":"info","message":"Test Case Completed : Create Post request using static body Status : skipped"}
{"level":"info","message":"Test Case Started : test"}
{"level":"info","message":"Test Case Completed : test Status : passed"}
{"level":"info","message":"Test Case Started : Verify Page Accessibility"}
{"level":"info","message":"Test Case Completed : Verify Page Accessibility Status : passed"}
{"level":"info","message":"Test Case Started : postLogin"}
{"level":"info","message":"Test Case Completed : postLogin Status : passed"}
{"level":"info","message":"Test Case Started : Connect to Postgres DB"}
{"level":"info","message":"Test Case Completed : Connect to Postgres DB Status : skipped"}
{"level":"info","message":"Test Case Started : Verify Elements Page."}
{"level":"info","message":"Test Case Completed : Verify Elements Page. Status : skipped"}
{"level":"info","message":"Test Case Started : Verify web-admin Login @Smoke"}
{"level":"info","message":"Executing Step : Navigate to web-admin login page"}
{"level":"info","message":"Executing Step : Verify login page is displayed"}
{"level":"info","message":"Executing Step : Enter valid username"}
{"level":"info","message":"Executing Step : Enter valid password"}
{"level":"info","message":"Executing Step : Click on login button"}
{"level":"info","message":"Executing Step : Verify user is successfully logged in"}
{"level":"info","message":"Test Case Completed : Verify web-admin Login @Smoke Status : passed"}
{"level":"info","message":"Test Case Started : Create Role - Add a New Role"}
{"level":"info","message":"Executing Step : Navigate to login page"}
{"level":"info","message":"Executing Step : Login to system"}
{"level":"info","message":"Executing Step : Navigate to Create Role page"}
{"level":"info","message":"Executing Step : Fill and submit create role form"}
{"level":"info","message":"Executing Step : Verify role created successfully"}
{"level":"info","message":"Test Case Completed : Create Role - Add a New Role Status : passed"}
{"level":"info","message":"Test Case Started : Delete Role - Remove Existing Role"}
{"level":"info","message":"Executing Step : Navigate to login page"}
{"level":"info","message":"Executing Step : Login to system"}
{"level":"info","message":"Executing Step : Create a role to delete"}
{"level":"info","message":"Executing Step : Delete the created role"}
{"level":"info","message":"Test Case Completed : Delete Role - Remove Existing Role Status : failed"}
{"level":"info","message":"Test Case Started : Edit Role - Update Existing Role Details"}
{"level":"info","message":"Executing Step : Navigate to login page"}
{"level":"info","message":"Executing Step : Login to system"}
{"level":"info","message":"Executing Step : Create a role to edit"}
{"level":"info","message":"Executing Step : Edit the created role"}
{"level":"info","message":"Executing Step : Verify updated role is visible"}
{"level":"info","message":"Test Case Completed : Edit Role - Update Existing Role Details Status : passed"}
{"level":"info","message":"Test Case Started : Create User - Navigate to Add New User Page"}
{"level":"info","message":"Executing Step : Navigate to login page"}
{"level":"info","message":"Executing Step : Login to system"}
{"level":"info","message":"Executing Step : Navigate to Add New User page"}
{"level":"info","message":"Executing Step : Fill and submit create user form"}
{"level":"info","message":"Executing Step : Verify user created successfully"}
{"level":"info","message":"Test Case Completed : Create User - Navigate to Add New User Page Status : passed"}
{"level":"info","message":"Test Case Started : Delete User - Remove Existing User"}
{"level":"info","message":"Executing Step : Create a user to delete"}
{"level":"info","message":"Executing Step : Delete the created user"}
{"level":"info","message":"Test Case Completed : Delete User - Remove Existing User Status : passed"}
{"level":"info","message":"Test Case Started : Edit User - Update Existing User Details"}
{"level":"info","message":"Executing Step : Create a user to edit"}
{"level":"info","message":"Test Case Completed : Edit Role - Update Existing Role Details Status : timedOut"}
{"level":"info","message":"Executing Step : Edit the created user"}
{"level":"info","message":"Test Case Completed : Edit User - Update Existing User Details Status : passed"}
{"level":"info","message":"Test Case Started : Verify Elements Page."}
{"level":"info","message":"Test Case Completed : Verify Elements Page. Status : passed"}
{"level":"info","message":"Test Case Started : Edit Role - Update Existing Role Details"}
{"level":"info","message":"Executing Step : Navigate to login page"}
{"level":"info","message":"Executing Step : Login to system"}
{"level":"info","message":"Executing Step : Create a role to edit"}
{"level":"info","message":"Executing Step : Edit the created role"}
{"level":"info","message":"Executing Step : Verify updated role is visible"}
{"level":"info","message":"Test Case Completed : Edit Role - Update Existing Role Details Status : passed"}
{"level":"info","message":"Test Case Started : Create Post request using static body"}
{"level":"info","message":"Test Case Completed : Create Post request using static body Status : skipped"}
{"level":"info","message":"Test Case Started : test"}
{"level":"info","message":"Test Case Completed : test Status : passed"}
{"level":"info","message":"Test Case Started : Verify Page Accessibility"}
{"level":"info","message":"Test Case Completed : Verify Page Accessibility Status : passed"}
{"level":"info","message":"Test Case Started : postLogin"}
{"level":"info","message":"Test Case Completed : postLogin Status : passed"}
{"level":"info","message":"Test Case Started : Connect to Postgres DB"}
{"level":"info","message":"Test Case Completed : Connect to Postgres DB Status : skipped"}
{"level":"info","message":"Test Case Started : Verify Elements Page."}
{"level":"info","message":"Test Case Completed : Verify Elements Page. Status : skipped"}
{"level":"info","message":"Test Case Started : Verify web-admin Login @Smoke"}
{"level":"info","message":"Executing Step : Navigate to web-admin login page"}
{"level":"info","message":"Executing Step : Verify login page is displayed"}
{"level":"info","message":"Executing Step : Enter valid username"}
{"level":"info","message":"Executing Step : Enter valid password"}
{"level":"info","message":"Executing Step : Click on login button"}
{"level":"info","message":"Executing Step : Verify user is successfully logged in"}
{"level":"info","message":"Test Case Completed : Verify web-admin Login @Smoke Status : passed"}
{"level":"info","message":"Test Case Started : Create Role - Add a New Role"}
{"level":"info","message":"Executing Step : Navigate to login page"}
{"level":"info","message":"Executing Step : Login to system"}
{"level":"info","message":"Executing Step : Navigate to Create Role page"}
{"level":"info","message":"Executing Step : Fill and submit create role form"}
{"level":"info","message":"Executing Step : Verify role created successfully"}
{"level":"info","message":"Test Case Completed : Create Role - Add a New Role Status : passed"}
{"level":"info","message":"Test Case Started : Delete Role - Remove Existing Role"}
{"level":"info","message":"Executing Step : Navigate to login page"}
{"level":"info","message":"Executing Step : Login to system"}
{"level":"info","message":"Executing Step : Create a role to delete"}
{"level":"info","message":"Executing Step : Delete the created role"}
{"level":"info","message":"Test Case Completed : Delete Role - Remove Existing Role Status : failed"}
{"level":"info","message":"Test Case Started : Edit Role - Update Existing Role Details"}
{"level":"info","message":"Executing Step : Navigate to login page"}
{"level":"info","message":"Executing Step : Login to system"}
{"level":"info","message":"Executing Step : Create a role to edit"}
{"level":"info","message":"Executing Step : Edit the created role"}
{"level":"info","message":"Test Case Completed : Edit Role - Update Existing Role Details Status : failed"}
{"level":"info","message":"Test Case Started : Create User - Navigate to Add New User Page"}
{"level":"info","message":"Executing Step : Navigate to login page"}
{"level":"info","message":"Executing Step : Login to system"}
{"level":"info","message":"Executing Step : Navigate to Add New User page"}
{"level":"info","message":"Executing Step : Fill and submit create user form"}
{"level":"info","message":"Test Case Completed : Create User - Navigate to Add New User Page Status : failed"}
{"level":"info","message":"Test Case Started : Delete User - Remove Existing User"}
{"level":"info","message":"Executing Step : Create a user to delete"}
{"level":"info","message":"Executing Step : Delete the created user"}
{"level":"info","message":"Test Case Completed : Delete User - Remove Existing User Status : passed"}
{"level":"info","message":"Test Case Started : Edit User - Update Existing User Details"}
{"level":"info","message":"Executing Step : Create a user to edit"}
{"level":"info","message":"Executing Step : Edit the created user"}
{"level":"info","message":"Test Case Completed : Edit User - Update Existing User Details Status : passed"}
{"level":"info","message":"Test Case Started : Verify Elements Page."}
{"level":"info","message":"Test Case Completed : Verify Elements Page. Status : passed"}
{"level":"info","message":"Test Case Started : Create Post request using static body"}
{"level":"info","message":"Test Case Completed : Create Post request using static body Status : skipped"}
{"level":"info","message":"Test Case Started : test"}
{"level":"info","message":"Test Case Completed : test Status : passed"}
{"level":"info","message":"Test Case Started : Verify Page Accessibility"}
{"level":"info","message":"Test Case Completed : Verify Page Accessibility Status : passed"}
{"level":"info","message":"Test Case Started : postLogin"}
{"level":"info","message":"Test Case Completed : postLogin Status : passed"}
{"level":"info","message":"Test Case Started : Connect to Postgres DB"}
{"level":"info","message":"Test Case Completed : Connect to Postgres DB Status : skipped"}
{"level":"info","message":"Test Case Started : Verify Elements Page."}
{"level":"info","message":"Test Case Completed : Verify Elements Page. Status : skipped"}
{"level":"info","message":"Test Case Started : Verify web-admin Login @Smoke"}
{"level":"info","message":"Executing Step : Navigate to web-admin login page"}
{"level":"info","message":"Executing Step : Verify login page is displayed"}
{"level":"info","message":"Executing Step : Enter valid username"}
{"level":"info","message":"Executing Step : Enter valid password"}
{"level":"info","message":"Executing Step : Click on login button"}
{"level":"info","message":"Executing Step : Verify user is successfully logged in"}
{"level":"info","message":"Test Case Completed : Verify web-admin Login @Smoke Status : passed"}
{"level":"info","message":"Test Case Started : Create Role - Add a New Role"}
{"level":"info","message":"Executing Step : Navigate to login page"}
{"level":"info","message":"Executing Step : Login to system"}
{"level":"info","message":"Executing Step : Navigate to Create Role page"}
{"level":"info","message":"Executing Step : Fill and submit create role form"}
{"level":"info","message":"Executing Step : Verify role created successfully"}
{"level":"info","message":"Test Case Completed : Create Role - Add a New Role Status : passed"}
{"level":"info","message":"Test Case Started : Delete Role - Remove Existing Role"}
{"level":"info","message":"Executing Step : Navigate to login page"}
{"level":"info","message":"Executing Step : Login to system"}
{"level":"info","message":"Executing Step : Create a role to delete"}
{"level":"info","message":"Executing Step : Delete the created role"}
{"level":"info","message":"Test Case Completed : Delete Role - Remove Existing Role Status : failed"}
{"level":"info","message":"Test Case Started : Edit Role - Update Existing Role Details"}
{"level":"info","message":"Executing Step : Navigate to login page"}
{"level":"info","message":"Executing Step : Login to system"}
{"level":"info","message":"Executing Step : Create a role to edit"}
{"level":"info","message":"Executing Step : Edit the created role"}
{"level":"info","message":"Executing Step : Verify updated role is visible"}
{"level":"info","message":"Test Case Completed : Edit Role - Update Existing Role Details Status : passed"}
{"level":"info","message":"Test Case Started : Create User - Navigate to Add New User Page"}
{"level":"info","message":"Executing Step : Navigate to login page"}
{"level":"info","message":"Executing Step : Login to system"}
{"level":"info","message":"Executing Step : Navigate to Add New User page"}
{"level":"info","message":"Executing Step : Fill and submit create user form"}
{"level":"info","message":"Executing Step : Verify user created successfully"}
{"level":"info","message":"Test Case Completed : Create User - Navigate to Add New User Page Status : passed"}
{"level":"info","message":"Test Case Started : Delete User - Remove Existing User"}
{"level":"info","message":"Executing Step : Create a user to delete"}
{"level":"info","message":"Executing Step : Delete the created user"}
{"level":"info","message":"Test Case Completed : Delete User - Remove Existing User Status : passed"}
{"level":"info","message":"Test Case Started : Edit User - Update Existing User Details"}
{"level":"info","message":"Executing Step : Create a user to edit"}
{"level":"info","message":"Executing Step : Edit the created user"}
{"level":"info","message":"Test Case Completed : Edit User - Update Existing User Details Status : passed"}
{"level":"info","message":"Test Case Started : Verify Elements Page."}
{"level":"info","message":"Test Case Completed : Verify Elements Page. Status : passed"}
